method,epoch,loss,val_meta_loss,val_loss_local_A,val_loss_local_B,val_loss_local_C,meta_grad_local_A,meta_grad_local_B,meta_grad_local_C
dadgp,1,10.191786289215088,9.014939308166504,8.8342924118042,10.231759071350098,7.978765964508057,0.007897958159446716,-0.005742475390434265,-0.002155496273189783
dadgp,2,8.950267434120178,7.849287033081055,7.661525249481201,8.932411193847656,6.953925609588623,0.0018720721127465367,-0.007746053859591484,0.005874003283679485
dadgp,3,8.533297657966614,6.873008728027344,6.657397747039795,7.844523906707764,6.117104530334473,0.0058838846161961555,-0.0076392595656216145,0.0017553174402564764
dadgp,4,7.334224462509155,6.229738712310791,6.030270576477051,7.106095790863037,5.552848815917969,-0.0017427046550437808,0.007564353756606579,-0.005821641068905592
dadgp,5,6.757477521896362,5.74307918548584,5.577049732208252,6.427506923675537,5.224679470062256,-0.001108837779611349,-0.0007968819118104875,0.001905815675854683
dadgp,6,6.006733775138855,5.449207305908203,5.313795566558838,5.987687110900879,5.046139240264893,-0.0007391372346319258,-0.003361572278663516,0.004100612364709377
dadgp,7,5.636742115020752,5.25437593460083,5.141355037689209,5.63232946395874,4.989443302154541,-0.00032941196695901453,0.0015439910348504782,-0.0012145611690357327
dadgp,8,5.459748864173889,5.118124485015869,5.0367045402526855,5.4079132080078125,4.909755706787109,0.0012129392707720399,-0.0020185792818665504,0.0008056720835156739
dadgp,9,5.452678680419922,4.971271514892578,4.913894176483154,5.141883850097656,4.858035564422607,0.00023316676379181445,0.004139701835811138,-0.004372851457446814
dadgp,10,5.410951375961304,4.844278335571289,4.813791751861572,4.947812557220459,4.7712297439575195,5.5796688684495166e-05,-8.790528954705223e-05,3.2133146305568516e-05
dadgp,11,4.735182404518127,4.693110466003418,4.667317867279053,4.834737300872803,4.57727575302124,0.0011815159814432263,0.00013779784785583615,-0.0013193553313612938
dadgp,12,5.255816459655762,4.541690826416016,4.544502258300781,4.6266045570373535,4.453965663909912,-0.0005781701183877885,0.002841170411556959,-0.002262998605147004
dadgp,13,4.377248287200928,4.41563606262207,4.413607120513916,4.522120952606201,4.311180114746094,0.0004539688234217465,0.0008857343927957118,-0.0013396767899394035
dadgp,14,4.282020211219788,4.278376579284668,4.276075839996338,4.3480353355407715,4.21101713180542,7.452390127582476e-05,-0.0009442674345336854,0.000869797368068248
dadgp,15,4.406268239021301,4.19687032699585,4.205257415771484,4.24895715713501,4.136396408081055,-0.0007281192229129374,-0.0012776571093127131,0.002005700720474124
dadgp,16,4.0757155418396,4.105104446411133,4.098088264465332,4.173223495483398,4.044001579284668,-0.004264377523213625,0.005514133255928755,-0.0012497168499976397
dadgp,17,4.015635669231415,4.028260707855225,4.031079292297363,4.068918704986572,3.9847843647003174,-0.000606532150413841,0.0013192599872127175,-0.000712727545760572
dadgp,18,3.9922932982444763,3.962221145629883,3.969168186187744,4.004408359527588,3.9130866527557373,0.001048543374054134,-0.0001222338032675907,-0.0009264246909879148
dadgp,19,3.6929956674575806,3.8892483711242676,3.894749402999878,3.926795244216919,3.846200704574585,8.937351958593354e-05,0.0006757020601071417,-0.0007650490151718259
dadgp,20,3.6463006734848022,3.8196725845336914,3.822805166244507,3.856983184814453,3.7792294025421143,-6.575176666956395e-05,-0.00045833640615455806,0.0005240771570242941
dadgp,21,3.660519242286682,3.7446517944335938,3.7438607215881348,3.784447431564331,3.705646514892578,0.0006116373697295785,0.00028949545230716467,-0.0009011184447444975
dadgp,22,3.8047565817832947,3.6889638900756836,3.69616961479187,3.722731828689575,3.6479904651641846,0.0006538372253999114,0.0002859729283954948,-0.0009397316607646644
dadgp,23,3.5943121910095215,3.6355655193328857,3.6378467082977295,3.6836001873016357,3.585249423980713,0.0005593861569650471,0.001516559044830501,-0.002075949450954795
dadgp,24,3.6447784304618835,3.6156458854675293,3.6275806427001953,3.6654579639434814,3.553898572921753,0.0004111423622816801,0.001548118656501174,-0.001959263812750578
dadgp,25,3.6904674768447876,3.5202136039733887,3.5236549377441406,3.5588176250457764,3.4781672954559326,0.0001671782083576545,-0.00019067180983256549,2.3523909476352856e-05
dadgp,26,3.4431192278862,3.4650814533233643,3.4714813232421875,3.5057435035705566,3.4180190563201904,2.5931126401701476e-06,-0.00044543962576426566,0.0004427449603099376
dadgp,27,3.2884036898612976,3.3875105381011963,3.39017653465271,3.43473219871521,3.337622880935669,-0.0007726525072939694,0.00029708698275499046,0.00047561523388139904
dadgp,28,3.4714759588241577,3.3254637718200684,3.330522298812866,3.3578431606292725,3.2880256175994873,-0.00029271331732161343,0.0005389309371821582,-0.0002463114506099373
dadgp,29,3.133132576942444,3.2623462677001953,3.2631309032440186,3.302905321121216,3.2210023403167725,0.00018988241208717227,-3.179368286509998e-05,-0.00015810383774805814
dadgp,30,3.385012209415436,3.211444139480591,3.2135567665100098,3.2474982738494873,3.173276901245117,-0.0002277452003909275,-0.0010118543868884444,0.001239623292349279
dadgp,31,3.0890480279922485,3.157374382019043,3.1634926795959473,3.2000985145568848,3.1085317134857178,-0.00017250998644158244,-0.0007188689196482301,0.0008913962519727647
dadgp,32,3.3353641033172607,3.0992870330810547,3.107069730758667,3.1368865966796875,3.0539042949676514,0.00047510614967904985,-0.001888250932097435,0.0014131091302260756
dadgp,33,3.046476721763611,3.086958885192871,3.079411745071411,3.175509452819824,3.005955219268799,-0.0004370100796222687,0.0014341066125780344,-0.0009970776736736298
dadgp,34,3.167423188686371,3.0510506629943848,3.056816577911377,3.1206247806549072,2.9757094383239746,-0.00017876173660624772,0.0010284321615472436,-0.0008495848160237074
dadgp,35,2.9576019644737244,3.002202033996582,2.995152235031128,3.095224142074585,2.916229009628296,0.0003793894429691136,0.001259127166122198,-0.0016385158523917198
dadgp,36,2.8789167404174805,2.903031349182129,2.91143536567688,2.951054096221924,2.846604585647583,-0.0006291583995334804,-0.00322324107401073,0.0038523804396390915
dadgp,37,2.7678325176239014,2.842353582382202,2.838284492492676,2.914824962615967,2.773951292037964,-3.9326288970187306e-05,-0.0019067354733124375,0.0019460396142676473
dadgp,38,2.6606850624084473,2.783254384994507,2.788046360015869,2.8303439617156982,2.731372594833374,-6.0227994254091755e-06,-0.001080607995390892,0.0010866138618439436
dadgp,39,2.591716229915619,2.709923267364502,2.7124838829040527,2.7564077377319336,2.6608779430389404,-0.00040723319398239255,0.0003871316439472139,2.005907299462706e-05
dadgp,40,2.6246927976608276,2.67100191116333,2.6721858978271484,2.7239434719085693,2.6168758869171143,0.00044222184806130826,4.567875657812692e-05,-0.00048785292892716825
dadgp,41,2.599991261959076,2.611459255218506,2.6134719848632812,2.6694467067718506,2.5514583587646484,-2.4496010155417025e-05,0.0008709633257240057,-0.0008464402053505182
dadgp,42,2.528925895690918,2.567143678665161,2.570169448852539,2.6246535778045654,2.5066077709198,-0.0011478717206045985,0.0009570283000357449,0.00019084337691310793
dadgp,43,2.527932822704315,2.5075957775115967,2.511584758758545,2.5595836639404297,2.4516189098358154,0.0006881360313855112,-0.0003591508721001446,-0.00032899834332056344
dadgp,44,2.544360637664795,2.468116283416748,2.4734597206115723,2.526179552078247,2.4047091007232666,0.0004435509617906064,-0.0007966483244672418,0.0003531178808771074
dadgp,45,2.2881008088588715,2.416210174560547,2.4195950031280518,2.4705798625946045,2.3584554195404053,0.000336208293447271,0.0006144169019535184,-0.0009505749330855906
dadgp,46,2.3511165380477905,2.350022315979004,2.356759786605835,2.399858236312866,2.2934491634368896,0.000685994338709861,5.159873398952186e-05,-0.0007375532877631485
dadgp,47,2.2296499609947205,2.3312196731567383,2.338982105255127,2.3996388912200928,2.255037784576416,-0.00023898207291495055,-0.0006800862611271441,0.0009190964628942311
dadgp,48,2.309657037258148,2.2624430656433105,2.2711710929870605,2.3166987895965576,2.1994588375091553,-7.47108570067212e-05,0.0014848290011286736,-0.0014100995613262057
dadgp,49,2.1636233627796173,2.205235242843628,2.2098138332366943,2.2552573680877686,2.150634288787842,-0.0001838897733250633,0.0008889693417586386,-0.0007050783606246114
dadgp,50,2.1203050315380096,2.159381628036499,2.1628527641296387,2.2092387676239014,2.106053113937378,0.00028411202947609127,-0.0007854709983803332,0.0005013273912481964
dadgp,51,2.2254627346992493,2.123300075531006,2.1269707679748535,2.180009126663208,2.062920331954956,0.0003372319624759257,-0.002067078836262226,0.001729830401018262
dadgp,52,2.045655369758606,2.0784053802490234,2.0762672424316406,2.146739959716797,2.0122087001800537,-0.0003356764791533351,-0.001456233556382358,0.0017918921075761318
dadgp,53,1.9768988192081451,2.045398235321045,2.0500431060791016,2.1044437885284424,1.9817078113555908,-0.00030034215888008475,-0.0004332298703957349,0.000733599008526653
dadgp,54,1.8989458978176117,2.067152976989746,2.0632336139678955,2.1717121601104736,1.9665125608444214,-0.00018093602557200938,0.000845549104269594,-0.0006646294496022165
dadgp,55,1.9456617534160614,1.9698433876037598,1.9713261127471924,2.041771411895752,1.8964325189590454,-0.00018308100698050112,-0.0024478030391037464,0.0026309010572731495
dadgp,56,1.9092672169208527,1.9180107116699219,1.9221359491348267,1.9827167987823486,1.8491792678833008,0.00013193328049965203,0.00018220930360257626,-0.00031410856172442436
dadgp,57,2.0584757030010223,1.89592444896698,1.905561089515686,1.9560747146606445,1.8261375427246094,-0.0006698982906527817,0.004320637788623571,-0.003650732571259141
dadgp,58,1.8019709289073944,1.8414952754974365,1.8370640277862549,1.912375807762146,1.7750457525253296,-0.0005658831214532256,0.0006148795364424586,-4.897960025118664e-05
dadgp,59,1.7913806438446045,1.8064098358154297,1.8080265522003174,1.8739334344863892,1.7372692823410034,-0.0006140839541330934,-8.284388604806736e-05,0.0006969273090362549
dadgp,60,1.7177623808383942,1.7506756782531738,1.756259560585022,1.8175266981124878,1.6782406568527222,0.0012917999411001801,-0.0009433015366084874,-0.00034852311364375055
dadgp,61,1.6367134749889374,1.7120773792266846,1.712544322013855,1.787498116493225,1.6361894607543945,0.00033523200545459986,0.0004876546445302665,-0.0008228800725191832
dadgp,62,1.5794627368450165,1.6603589057922363,1.6599009037017822,1.7252228260040283,1.5959528684616089,-0.00023574582883156836,0.0004893284058198333,-0.00025358147104270756
dadgp,63,1.6167283058166504,1.6406837701797485,1.646623969078064,1.7016260623931885,1.573801040649414,7.166916475398466e-05,0.00047483210801146924,-0.0005464955465868115
dadgp,64,1.5321442186832428,1.5984249114990234,1.6014137268066406,1.6702626943588257,1.523598313331604,0.0017207865603268147,-0.00039855303475633264,-0.0013222176348790526
dadgp,65,1.5595611333847046,1.5652976036071777,1.570287823677063,1.6355113983154297,1.490093469619751,1.2876774235337507e-05,0.0003438396379351616,-0.0003567002422641963
dadgp,66,1.4763397872447968,1.542136788368225,1.543612003326416,1.6242703199386597,1.45852792263031,0.000312315474729985,-0.0005849719163961709,0.0002726249222178012
dadgp,67,1.4701335430145264,1.555310606956482,1.5609127283096313,1.6511929035186768,1.4538263082504272,0.0005630795494653285,0.0015264787944033742,-0.0020895821508020163
dadgp,68,1.46928671002388,1.4765738248825073,1.4808701276779175,1.5467694997787476,1.402081847190857,0.000592168653383851,-0.001158644794486463,0.0005664766067638993
dadgp,69,1.4815987050533295,1.5041685104370117,1.5099632740020752,1.600063681602478,1.402478575706482,0.00023232663806993514,-0.003680572845041752,0.0034482404589653015
dadgp,70,1.345084547996521,1.408522367477417,1.4132916927337646,1.4842628240585327,1.3280123472213745,-0.000594042707234621,0.0003028406936209649,0.00029121691477485
dadgp,71,1.3074506521224976,1.4008822441101074,1.4083093404769897,1.4874006509780884,1.306936502456665,-2.9005932447034866e-05,0.0006058241706341505,-0.0005768530536442995
dadgp,72,1.2944587469100952,1.3390263319015503,1.3426457643508911,1.4106066226959229,1.2638263702392578,8.532610081601888e-05,-0.000271745229838416,0.00018640361668076366
dadgp,73,1.238254189491272,1.3201308250427246,1.32762610912323,1.3933314085006714,1.239434838294983,-0.0004976947675459087,3.086891956627369e-05,0.0004668333276640624
dadgp,74,1.2735286056995392,1.2854235172271729,1.2944737672805786,1.345140814781189,1.2166560888290405,0.00033052029903046787,-0.00026703509502112865,-6.351458432618529e-05
dadgp,75,1.1822496056556702,1.2758195400238037,1.2742916345596313,1.370329737663269,1.1828371286392212,0.0003873994864989072,-0.0023408974520862103,0.001953470055013895
dadgp,76,1.2816631495952606,1.2339024543762207,1.239496111869812,1.3015143871307373,1.1606966257095337,-0.0005829074652865529,0.0013108202256262302,-0.0007279486162588
dadgp,77,1.1498944759368896,1.2099510431289673,1.2130234241485596,1.2843142747879028,1.1325154304504395,0.0009283837280236185,-0.003658846253529191,0.0027304571121931076
dadgp,78,1.1814806759357452,1.1674814224243164,1.1749919652938843,1.2367709875106812,1.0906810760498047,-2.4361273972317576e-05,0.0006045722984708846,-0.0005802101222798228
dadgp,79,1.1055538654327393,1.1737346649169922,1.1852606534957886,1.2574825286865234,1.078460693359375,0.0005236997967585921,-0.0016018262831494212,0.0010781331220641732
dadgp,80,1.0276602059602737,1.1184179782867432,1.1201050281524658,1.197292685508728,1.0378559827804565,-3.096815271419473e-05,-0.0002372838498558849,0.0002682550111785531
dadgp,81,1.0953029096126556,1.1366757154464722,1.1423882246017456,1.2142454385757446,1.0533933639526367,0.00018587092927191406,0.0025799281429499388,-0.0027658124454319477
dadgp,82,1.0042632222175598,1.0860636234283447,1.0905426740646362,1.1734024286270142,0.994245707988739,0.00033784779952839017,-0.0008771831053309143,0.0005393485189415514
dadgp,83,0.9814228266477585,1.0626239776611328,1.0682482719421387,1.1513360738754272,0.968287467956543,-0.0004422917845658958,0.0010061808861792088,-0.0005638927686959505
dadgp,84,0.9424914419651031,1.0029079914093018,1.005771279335022,1.0657318830490112,0.9372208714485168,8.3496532170102e-05,0.0007551029557362199,-0.0008386053959839046
dadgp,85,0.9155478328466415,0.997303307056427,1.0106146335601807,1.070555329322815,0.9107398986816406,-0.0005825780099257827,0.00016782624879851937,0.0004147518484387547
dadgp,86,0.9036669880151749,0.9751632809638977,0.9770511984825134,1.0532315969467163,0.8952071070671082,5.436494029709138e-05,0.0001951810554601252,-0.00024953947286121547
dadgp,87,0.8890492618083954,0.9836522340774536,0.9845742583274841,1.0829375982284546,0.8834449648857117,-0.0002934550284408033,0.0002025942667387426,9.08354195416905e-05
dadgp,88,0.85545514523983,0.9193028211593628,0.9197939038276672,0.993902862071991,0.8442115783691406,-0.0007340515730902553,0.0005293439025990665,0.0002047078887699172
dadgp,89,0.8962842226028442,0.905255913734436,0.90985506772995,0.9781032800674438,0.8278093338012695,0.0005236923461779952,-0.003146401373669505,0.002622713800519705
dadgp,90,0.8235177248716354,0.9137746691703796,0.9168829917907715,0.9907017946243286,0.8337391018867493,-0.001426436472684145,0.00035471722367219627,0.00107171933632344
dadgp,91,0.8316177427768707,0.8931624889373779,0.8892801403999329,1.000527024269104,0.7896803021430969,-6.695123374811374e-06,-0.0008983060833998024,0.0009050038643181324
dadgp,92,0.7937238663434982,0.8379682302474976,0.8392383456230164,0.9152000546455383,0.759466290473938,-7.773059769533575e-05,-0.0003100128669757396,0.00038775219582021236
dadgp,93,0.74200139939785,0.8009528517723083,0.802515983581543,0.8769096732139587,0.7234326601028442,6.231243605725467e-05,-0.00027083090390078723,0.0002085238229483366
dadgp,94,0.7283359915018082,0.8045713305473328,0.8104246258735657,0.8798783421516418,0.7234109044075012,0.0009176394669339061,-0.00036947536864317954,-0.0005481754196807742
dadgp,95,0.701071172952652,0.7942075729370117,0.7989075779914856,0.8841657638549805,0.6995493173599243,0.0011176189873367548,-0.00016597381909377873,-0.0009516476420685649
dadgp,96,0.6755691319704056,0.7627875804901123,0.7707362174987793,0.8460794687271118,0.6715468764305115,0.0006191307329572737,-0.0013553994940593839,0.0007362687611021101
dadgp,97,0.6536134481430054,0.7097705602645874,0.7136783003807068,0.7710071802139282,0.6446260809898376,-0.000307030335534364,-0.00014643713075201958,0.00045346777187660336
dadgp,98,0.6369134336709976,0.6857605576515198,0.6933470964431763,0.7487527132034302,0.6151817440986633,-0.0005317430477589369,0.0004426265659276396,8.911604527384043e-05
dadgp,99,0.6072867512702942,0.6854052543640137,0.6880791783332825,0.7697259783744812,0.598410427570343,0.0006172421271912754,-0.00161971605848521,0.0010024822549894452
dadgp,100,0.6011680513620377,0.6610210537910461,0.6678824424743652,0.7409553527832031,0.5742253065109253,-0.00032352659036405385,0.001563902827911079,-0.0012403789442032576
dadgp,101,0.5900542587041855,0.6376881003379822,0.6429726481437683,0.7178766131401062,0.5522149205207825,-0.000318231584969908,8.951675408752635e-05,0.0002287147071911022
dadgp,102,0.539139062166214,0.6336787939071655,0.641852855682373,0.7238182425498962,0.5353652834892273,-0.00044155202340334654,0.0005626321653835475,-0.00012108038208680227
dadgp,103,0.5291539877653122,0.5899660587310791,0.5955374240875244,0.662329912185669,0.5120308995246887,-0.00011698956950567663,0.0020768281538039446,-0.001959840999916196
dadgp,104,0.5165954977273941,0.5951496362686157,0.5986089110374451,0.6878677010536194,0.4989723265171051,0.00012236772454343736,0.0014356824103742838,-0.0015580529579892755
dadgp,105,0.519692026078701,0.6249054074287415,0.6265865564346313,0.7466654181480408,0.5014641284942627,-0.0002321497304365039,0.002172572771087289,-0.0019404224585741758
dadgp,106,0.4827268645167351,0.5386788845062256,0.5453384518623352,0.6192597150802612,0.4514385163784027,-3.5765249776886776e-05,0.0024790780153125525,-0.002443308476358652
dadgp,107,0.4394031688570976,0.5133533477783203,0.5154404640197754,0.5985919833183289,0.4260275959968567,-9.31019167182967e-05,-0.0004300277214497328,0.0005231296527199447
dadgp,108,0.431911826133728,0.49725353717803955,0.5003045201301575,0.5853663682937622,0.4060896933078766,0.00012322183465585113,-0.0014294577995315194,0.001306233461946249
dadgp,109,0.38335006684064865,0.46470874547958374,0.46767282485961914,0.5341981053352356,0.3922553062438965,3.766606096178293e-05,0.00027054091333411634,-0.00030820706160739064
dadgp,110,0.38930056244134903,0.4363225996494293,0.4449840486049652,0.509263277053833,0.35472041368484497,-0.0006101986509747803,0.0009807460010051727,-0.0003705475537572056
dadgp,111,0.3787366449832916,0.43719732761383057,0.4441457688808441,0.5232720971107483,0.3441740572452545,-0.00014666667266283184,0.0021958446595817804,-0.0020491783507168293
dadgp,112,0.33450012654066086,0.41989368200302124,0.42450353503227234,0.5043346285820007,0.3308428227901459,0.0003489636874292046,-0.0024720397777855396,0.0021230755373835564
dadgp,113,0.3135893791913986,0.42989856004714966,0.4310511648654938,0.5302748680114746,0.3283696174621582,-0.0005647719372063875,0.0006770312902517617,-0.00011225833441130817
dadgp,114,0.29990091174840927,0.3704853653907776,0.37487706542015076,0.4518638551235199,0.2847151458263397,-3.7134097510715947e-05,-0.00012990944378543645,0.00016704249719623476
dadgp,115,0.3597700670361519,0.410995215177536,0.4183080792427063,0.5227980613708496,0.2918795049190521,0.000669593398924917,0.0018376591615378857,-0.002507257740944624
dadgp,116,0.26948657631874084,0.3615962266921997,0.36761555075645447,0.4580824375152588,0.2590906322002411,0.0003397500258870423,0.0007162641850300133,-0.0010560130467638373
dadgp,117,0.19759880285710096,0.3380621671676636,0.33999261260032654,0.43649807572364807,0.23769579827785492,0.00038713059620931745,-0.0015582129126414657,0.001171083189547062
dadgp,118,0.2427249737083912,0.31572282314300537,0.319728821516037,0.4064112603664398,0.22102835774421692,-0.00026126165175810456,0.002300604712218046,-0.0020393419545143843
dadgp,119,0.2347254604101181,0.3187507390975952,0.3232693076133728,0.4232827126979828,0.20970015227794647,-0.001075988751836121,0.00024670755374245346,0.0008292823331430554
dadgp,120,0.19129244983196259,0.2788238823413849,0.2841367721557617,0.37089186906814575,0.1814430058002472,0.00013185264833737165,0.0005685685900971293,-0.0007004197686910629
dadgp,121,0.21068494394421577,0.3264399766921997,0.32636916637420654,0.4328831136226654,0.2200676053762436,0.00016504104132764041,-0.0001504642132204026,-1.4576275134459138e-05
dadgp,122,0.18702784553170204,0.2577035129070282,0.2648715674877167,0.348093181848526,0.16014577448368073,-0.00043483462650328875,0.0006445263861678541,-0.00020969304023310542
dadgp,123,0.15819351002573967,0.2431814968585968,0.24570630490779877,0.34178778529167175,0.14205043017864227,-0.0003160161431878805,4.449398329597898e-05,0.0002715231094043702
dadgp,124,0.11858545243740082,0.24866902828216553,0.24942031502723694,0.35293713212013245,0.1436496376991272,-0.00018184779037255794,-0.00024910736829042435,0.0004309556679800153
dadgp,125,0.17696280218660831,0.22295793890953064,0.22987890243530273,0.322142630815506,0.11685226112604141,-7.315699622267857e-05,-0.0019959567580372095,0.0020691114477813244
dadgp,126,0.11299851723015308,0.23670795559883118,0.24550879001617432,0.3617303967475891,0.1028846874833107,0.00014036997163202614,-0.0007752518285997212,0.0006348837050609291
dadgp,127,0.08425034582614899,0.17964264750480652,0.18847407400608063,0.2701195776462555,0.08033426851034164,0.00027432595379650593,-0.001990441232919693,0.001716115279123187
dadgp,128,0.04624451510608196,0.16865521669387817,0.17691461741924286,0.2527143657207489,0.07633665949106216,-0.0002780088980216533,-0.0005312208086252213,0.0008092299103736877
dadgp,129,0.04341834783554077,0.14501310884952545,0.14963360130786896,0.23694001138210297,0.04846566542983055,-0.00023759859323035926,0.0016158649232238531,-0.0013782661408185959
dadgp,130,0.02851433027535677,0.18685540556907654,0.18424227833747864,0.31318050622940063,0.06314338743686676,-0.00012502018944360316,-0.001152090379036963,0.0012771113542839885
dadgp,131,0.056940712966024876,0.12261317670345306,0.12396585941314697,0.22753587365150452,0.01633778214454651,-0.00024979820591397583,-0.00012443108425941318,0.0003742289845831692
dadgp,132,0.018171376548707485,0.10797175019979477,0.10834944248199463,0.2095106691122055,0.006055128760635853,0.0002845135168172419,-0.0006253754254430532,0.0003408613847568631
dadgp,133,0.0040669647278264165,0.09326519817113876,0.1028890609741211,0.18107573688030243,-0.004169207997620106,4.247546166880056e-05,-3.149496842524968e-05,-1.0980495972034987e-05
dadgp,134,-0.0006193225271999836,0.07249745726585388,0.07691600173711777,0.1671716719865799,-0.026595307514071465,1.0665535228326917e-05,0.000821097637526691,-0.0008317631436511874
dadgp,135,0.06382072204723954,0.09761587530374527,0.10843592137098312,0.20584669709205627,-0.021434998139739037,-0.00030470010824501514,0.0019724019803106785,-0.0016677010571584105
dadgp,136,-0.008495175279676914,0.05434626340866089,0.05603913217782974,0.15842020511627197,-0.05142053961753845,-2.04404004762182e-05,-0.0002334894670639187,0.00025392964016646147
dadgp,137,-0.05113016674295068,0.033374279737472534,0.040691062808036804,0.1275249719619751,-0.0680932030081749,-0.0003050229570362717,0.0002490932820364833,5.592979505308904e-05
dadgp,138,-0.039663166739046574,0.03233395516872406,0.03466495871543884,0.12767478823661804,-0.0653378888964653,-0.0003820596029981971,0.0001502982631791383,0.00023176120885182172
dadgp,139,-0.054723434150218964,0.03601783886551857,0.03780820593237877,0.15920987725257874,-0.0889645665884018,-0.001062622177414596,0.0005284033250063658,0.0005342184449546039
dadgp,140,-0.08946493547409773,0.014220856130123138,0.014508924447000027,0.12701015174388885,-0.09885650873184204,-0.0005885275895707309,0.00059077626792714,-2.2482358872366603e-06
dadgp,141,-0.10632895678281784,0.019574332982301712,0.024077991023659706,0.13963060081005096,-0.10498559474945068,-0.0002277340245200321,0.00046196652692742646,-0.00023423228412866592
dadgp,142,-0.11050966382026672,-0.01994185522198677,-0.015443664975464344,0.09008371084928513,-0.13446560502052307,-0.0006424325401894748,0.0007310573710128665,-8.862451795721427e-05
dadgp,143,-0.14937454089522362,-0.023973237723112106,-0.02273275889456272,0.09383910894393921,-0.14302606880664825,0.00012526674254331738,-5.707459058612585e-05,-6.819154805270955e-05
dadgp,144,-0.14784726314246655,-0.05768983066082001,-0.05254111438989639,0.035164814442396164,-0.1556931883096695,0.00032546729198656976,-0.001704688649624586,0.0013792215613648295
dadgp,145,-0.14135653898119926,-0.055611785501241684,-0.0555083230137825,0.05162762477993965,-0.1629546582698822,2.7548854632186703e-05,-0.0013043819926679134,0.001276831841096282
dadgp,146,-0.241480752825737,-0.06248253956437111,-0.061626680195331573,0.054559171199798584,-0.18038010597229004,-0.001132693374529481,0.0009348720195703208,0.0001978192012757063
dadgp,147,-0.17367064580321312,-0.08078847825527191,-0.07416579872369766,0.023214761167764664,-0.19141438603401184,-0.00018645820091478527,7.812960393493995e-05,0.00010832888074219227
dadgp,148,-0.19032859057188034,-0.10304243862628937,-0.09488924592733383,-0.0049010575748980045,-0.2093369960784912,-5.323679488355992e-06,0.00033176771830767393,-0.00032644192106090486
dadgp,149,-0.2108137086033821,-0.11383887380361557,-0.10895662754774094,-0.01128284353762865,-0.2212771475315094,0.00015531257668044418,-0.0008092386415228248,0.0006539263413287699
dadgp,150,-0.21204909309744835,-0.11249664425849915,-0.1101401075720787,0.0017200142610818148,-0.22906982898712158,0.00042530387872830033,-0.0017508860910311341,0.0013255821540951729
dadgp,151,-0.2233966737985611,-0.11253824830055237,-0.10905536264181137,0.0009575039148330688,-0.2295168936252594,0.0005966953467577696,-0.000974928610958159,0.0003782340791076422
dadgp,152,-0.24459835141897202,-0.1306840181350708,-0.12859411537647247,-0.02331203781068325,-0.24014587700366974,0.0001038962509483099,-0.0010613276390358806,0.0009574305731803179
dadgp,153,-0.2488558366894722,-0.14856933057308197,-0.14033058285713196,-0.05399546027183533,-0.25138193368911743,-0.000521868176292628,-0.0006162254721857607,0.0011380936484783888
dadgp,154,-0.3016859441995621,-0.14134393632411957,-0.1415814906358719,-0.01823103427886963,-0.2642192542552948,-0.00027424553991295397,0.0013211466139182448,-0.0010468963300809264
dadgp,155,-0.2764430344104767,-0.17201915383338928,-0.17070554196834564,-0.06012927368283272,-0.2852226197719574,-0.00027158690500073135,-0.00018209168047178537,0.00045367953134700656
dadgp,156,-0.2944727763533592,-0.1857975274324417,-0.17899921536445618,-0.08600263297557831,-0.29239073395729065,-0.0003699315420817584,0.0006162513745948672,-0.00024631808628328145
dadgp,157,-0.2730357237160206,-0.19204404950141907,-0.18810032308101654,-0.08369932323694229,-0.3043324947357178,0.00021433035726659,-0.000432387285400182,0.000218056928133592
dadgp,158,-0.3237520605325699,-0.20958203077316284,-0.20695678889751434,-0.09867711365222931,-0.3231121897697449,0.00011426172568462789,0.0013990307925269008,-0.0015132941771298647
dadgp,159,-0.2955140359699726,-0.1989382803440094,-0.19368907809257507,-0.07645605504512787,-0.3266696631908417,0.00015513716789428145,6.631909491261467e-05,-0.00022145493130665272
dadgp,160,-0.28883853554725647,-0.2248506247997284,-0.22039437294006348,-0.12103288620710373,-0.3331246078014374,-3.8764625060139224e-05,0.0011209474178031087,-0.0010821839096024632
dadgp,161,-0.30740634724497795,-0.2369258999824524,-0.23415879905223846,-0.12976963818073273,-0.3468492031097412,0.00011324789375066757,-0.0008134928648360074,0.0007002449128776789
dadgp,162,-0.3282133787870407,-0.25496169924736023,-0.25368931889533997,-0.14734922349452972,-0.3638465404510498,-4.1221381252398714e-05,-0.00023010493896435946,0.0002713259600568563
dadgp,163,-0.3646402433514595,-0.22176474332809448,-0.22194121778011322,-0.09318583458662033,-0.3501671850681305,-0.0006566005758941174,0.0015883066225796938,-0.0009317062213085592
dadgp,164,-0.3686765283346176,-0.2722322344779968,-0.2715643346309662,-0.16261713206768036,-0.3825152814388275,0.00034852433600462973,-5.333627268555574e-05,-0.00029519046074710786
dadgp,165,-0.3228998929262161,-0.2705325782299042,-0.26607075333595276,-0.15505863726139069,-0.3904683291912079,0.0004635707300622016,0.0009747793083079159,-0.0014383504167199135
dadgp,166,-0.36830852925777435,-0.26979613304138184,-0.26245883107185364,-0.1519547700881958,-0.3949747085571289,0.00039831778849475086,-8.170878572855145e-05,-0.00031660875538364053
dadgp,167,-0.385299913585186,-0.28768181800842285,-0.2841494679450989,-0.16691796481609344,-0.41197800636291504,-1.7039163822119008e-06,0.0006400291458703578,-0.000638326455373317
dadgp,168,-0.5017034634947777,-0.30161145329475403,-0.2994548976421356,-0.18254664540290833,-0.42283278703689575,0.00015250864089466631,0.0002788724668789655,-0.00043138096225447953
dadgp,169,-0.453401580452919,-0.2891002297401428,-0.28452664613723755,-0.16615067422389984,-0.4166233241558075,-0.0003488371439743787,3.572850982891396e-05,0.0003131086123175919
dadgp,170,-0.42643729597330093,-0.30901405215263367,-0.305177241563797,-0.184275820851326,-0.4375890791416168,-5.847407373948954e-05,0.0002420901582809165,-0.0001836131705204025
dadgp,171,-0.44228870421648026,-0.3268105387687683,-0.32595643401145935,-0.20035164058208466,-0.45412349700927734,0.0002621834573801607,0.00018311134772375226,-0.0004452926223166287
dadgp,172,-0.4578395113348961,-0.33341285586357117,-0.33053815364837646,-0.2177673876285553,-0.45193296670913696,-0.00023607212642673403,0.0011134155793115497,-0.0008773407898843288
dadgp,173,-0.4198265001177788,-0.33707699179649353,-0.3374604880809784,-0.21923990547657013,-0.4545305371284485,6.695200136164203e-05,0.00024224047956522554,-0.0003091908001806587
dadgp,174,-0.5260687097907066,-0.3464653789997101,-0.3398476541042328,-0.23361657559871674,-0.46593189239501953,0.0005075798253528774,-0.0014161682920530438,0.0009085912606678903
dadgp,175,-0.4580571576952934,-0.3747391998767853,-0.3677636981010437,-0.2647585868835449,-0.4916953146457672,-6.72100723022595e-05,0.0012625197414308786,-0.0011953103821724653
dadgp,176,-0.5271082818508148,-0.36006736755371094,-0.35269710421562195,-0.23133723437786102,-0.49616774916648865,4.7731744416523725e-05,-0.0004765865742228925,0.0004288596392143518
dadgp,177,-0.5238936543464661,-0.3744259476661682,-0.36892563104629517,-0.25727489590644836,-0.49707722663879395,0.0003691692545544356,-0.001083512557670474,0.0007143383845686913
dadgp,178,-0.4566763639450073,-0.38124871253967285,-0.38405492901802063,-0.2734757959842682,-0.4862153232097626,0.0002887002192437649,-0.0002864880079869181,-2.2112524220574414e-06
dadgp,179,-0.509877473115921,-0.39433687925338745,-0.39273327589035034,-0.2768321633338928,-0.5134451389312744,-0.00022625310521107167,0.00044960412196815014,-0.00022334886307362467
dadgp,180,-0.5093387588858604,-0.3886481523513794,-0.3904518187046051,-0.24991075694561005,-0.5255818963050842,-0.0001759203296387568,0.0006971582770347595,-0.0005212376709096134
dadgp,181,-0.5146125480532646,-0.4071790874004364,-0.40175652503967285,-0.2888065278530121,-0.5309741497039795,-0.0006978159071877599,0.0003958373563364148,0.0003019804134964943
dadgp,182,-0.6235880628228188,-0.41557759046554565,-0.4142579734325409,-0.2970351278781891,-0.535439670085907,-0.00010677809768822044,-0.0007949816063046455,0.0009017574484460056
dadgp,183,-0.5269232988357544,-0.4214547872543335,-0.4201086163520813,-0.2954466640949249,-0.5488089919090271,4.672177237807773e-05,-0.00041051593143492937,0.0003637956688180566
dadgp,184,-0.5104921460151672,-0.42718130350112915,-0.42906180024147034,-0.30082637071609497,-0.5516557693481445,-0.0006362082785926759,0.0003444532339926809,0.00029175449162721634
dadgp,185,-0.5186902731657028,-0.424803763628006,-0.4229051172733307,-0.2894385755062103,-0.5620675086975098,-2.9033377359155566e-05,-0.0005293694557622075,0.0005584035534411669
dadgp,186,-0.5399564504623413,-0.44330501556396484,-0.4401783049106598,-0.3141891658306122,-0.5755475163459778,-3.16732439387124e-05,-5.7364391977898777e-05,8.903651178115979e-05
dadgp,187,-0.6498937606811523,-0.4542465806007385,-0.4571802318096161,-0.31583237648010254,-0.5897271037101746,-0.0004713725938927382,0.0003045850608032197,0.00016678744577802718
dadgp,188,-0.5813526511192322,-0.46356940269470215,-0.46239349246025085,-0.33118152618408203,-0.5971331596374512,9.101866453420371e-05,0.00011958003597101197,-0.00021059303253423423
dadgp,189,-0.5499533638358116,-0.4633800685405731,-0.4584712088108063,-0.33295896649360657,-0.5987100005149841,0.00010880629997700453,9.37446384341456e-05,-0.000202550771064125
dadgp,190,-0.5997960567474365,-0.4858797788619995,-0.4859318733215332,-0.36440911889076233,-0.6072983741760254,-0.0004977700300514698,-0.0007174459169618785,0.0012152151903137565
dadgp,191,-0.6374900341033936,-0.46646472811698914,-0.46644172072410583,-0.3357512652873993,-0.5972011685371399,-0.0001276472903555259,0.0011055158684030175,-0.0009778706589713693
dadgp,192,-0.6421909034252167,-0.47886931896209717,-0.4783948063850403,-0.34597691893577576,-0.6122362017631531,-5.2597373723983765e-05,-0.0002601237501949072,0.0003127189411316067
dadgp,193,-0.5586083382368088,-0.5095483064651489,-0.5074397325515747,-0.39004743099212646,-0.6311578154563904,7.668635225854814e-05,-0.0001917535118991509,0.00011506627197377384
dadgp,194,-0.6362913399934769,-0.5069500207901001,-0.5054643750190735,-0.3763481378555298,-0.639037549495697,-0.0003497893630992621,0.0004832225386053324,-0.00013343487808015198
dadgp,195,-0.583274319767952,-0.5250899791717529,-0.5196822285652161,-0.41080543398857117,-0.644782304763794,-0.00037240414530970156,0.0004624120774678886,-9.000802674563602e-05
dadgp,196,-0.6390539854764938,-0.5003687143325806,-0.5011409521102905,-0.356728196144104,-0.6432369351387024,-2.4910512365750037e-05,-0.00036111229564994574,0.00038602016866207123
dadgp,197,-0.6562280356884003,-0.5271562337875366,-0.5224627256393433,-0.3986988961696625,-0.6603071093559265,-0.00023256817075889558,0.0007575581548735499,-0.0005249878158792853
dadgp,198,-0.6973132640123367,-0.5434883236885071,-0.5376867651939392,-0.4308333396911621,-0.6619448065757751,8.652482938487083e-05,-0.0010167593136429787,0.0009302375256083906
dadgp,199,-0.7025119960308075,-0.5222005248069763,-0.5195427536964417,-0.3864443302154541,-0.6606144905090332,-0.0004153838090132922,0.0002444752026349306,0.00017090454639401287
dadgp,200,-0.5989962220191956,-0.5324330925941467,-0.5311899185180664,-0.4035664200782776,-0.6625429391860962,-0.000236307067098096,-1.5528969015576877e-05,0.0002518375695217401
dadgp,201,-0.6296641007065773,-0.5372684001922607,-0.5381603240966797,-0.3992736041545868,-0.674371063709259,-6.311957986326888e-05,-3.00221327051986e-05,9.314242925029248e-05
dadgp,202,-0.7378457635641098,-0.5401360988616943,-0.5403522253036499,-0.40390416979789734,-0.676151692867279,-0.00014293337881099433,0.0010011683916673064,-0.0008582332520745695
dadgp,203,-0.6502838730812073,-0.5259573459625244,-0.5235158205032349,-0.37518784403800964,-0.6791684031486511,-0.00025455435388721526,-0.00011115115194115788,0.00036570316297002137
dadgp,204,-0.669610396027565,-0.57585608959198,-0.5749459266662598,-0.4541444778442383,-0.6984776854515076,5.890355896553956e-05,-9.803500142879784e-05,3.913355976692401e-05
dadgp,205,-0.7293843775987625,-0.5556687116622925,-0.5565531253814697,-0.41320204734802246,-0.69725102186203,9.3939270300325e-05,-0.00023631981457583606,0.00014237960567697883
dadgp,206,-0.8016120344400406,-0.5597604513168335,-0.5564138293266296,-0.43269750475883484,-0.6901699304580688,4.409844405017793e-05,-0.0002074079675367102,0.00016330144717358053
dadgp,207,-0.7369124591350555,-0.5757042169570923,-0.5733160376548767,-0.4496169984340668,-0.7041797041893005,-0.00022435476421378553,0.0009826943278312683,-0.0007583429105579853
dadgp,208,-0.6991370469331741,-0.5888023972511292,-0.5869655013084412,-0.4716375470161438,-0.7078040838241577,-7.269761408679187e-05,0.0003289284941274673,-0.00025622843531891704
dadgp,209,-0.8074653297662735,-0.5780127048492432,-0.5777244567871094,-0.44699525833129883,-0.7093184590339661,-5.219802460487699e-06,-0.0006244456744752824,0.0006296618958003819
dadgp,210,-0.7478508800268173,-0.6139941811561584,-0.607847273349762,-0.5007774829864502,-0.7333577871322632,7.661838026251644e-05,-0.00021280512737575918,0.0001361844188068062
dadgp,211,-0.7023638039827347,-0.6211310625076294,-0.6131126284599304,-0.5036585927009583,-0.74662184715271,-0.0003358916437719017,-5.427000724012032e-05,0.0003901636810041964
dadgp,212,-0.7021114379167557,-0.6031683683395386,-0.6008283495903015,-0.47316309809684753,-0.73551344871521,1.8956154235638678e-05,2.4521814339095727e-05,-4.347735739429481e-05
dadgp,213,-0.7853307873010635,-0.6192593574523926,-0.6176602840423584,-0.4928227365016937,-0.747295081615448,-0.00018632500723470002,0.0005692762788385153,-0.0003829477645922452
dadgp,214,-0.6943124160170555,-0.6144515872001648,-0.613980770111084,-0.47706079483032227,-0.7523130774497986,0.00011552937212400138,-0.00022835332492832094,0.0001128241783590056
dadgp,215,-0.7616856396198273,-0.615878701210022,-0.6157904863357544,-0.481945663690567,-0.7498999834060669,6.9930094468873e-05,0.0006627467228099704,-0.0007326750201173127
dadgp,216,-0.7326665669679642,-0.6318016052246094,-0.6275231242179871,-0.5033213496208191,-0.7645602822303772,9.719019726617262e-05,-1.9537623302312568e-05,-7.765426562400535e-05
dadgp,217,-0.7225712090730667,-0.6277158856391907,-0.6251604557037354,-0.4830762445926666,-0.7749109268188477,0.00014227470092009753,-7.487565744668245e-05,-6.739739910699427e-05
dadgp,218,-0.769750639796257,-0.6427480578422546,-0.6426177024841309,-0.49937185645103455,-0.7862545251846313,0.0003841956495307386,-0.000918070669285953,0.0005338725750334561
dadgp,219,-0.7622557282447815,-0.6437239646911621,-0.645002007484436,-0.5042900443077087,-0.7818798422813416,3.59862060577143e-05,-3.7374873500084504e-05,1.391998694089125e-06
dadgp,220,-0.7616982311010361,-0.6562587022781372,-0.6491706967353821,-0.5232253670692444,-0.7963799238204956,7.18331866664812e-05,0.0007443020003847778,-0.0008161354926414788
dadgp,221,-0.693219006061554,-0.6342856884002686,-0.6311796307563782,-0.48607921600341797,-0.7855982780456543,0.0002362799277761951,-0.00028709208709187806,5.0812348490580916e-05
dadgp,222,-0.8171560913324356,-0.6654325723648071,-0.6618059277534485,-0.5339874625205994,-0.8005043864250183,-4.551195524982177e-05,-2.21148502532742e-06,4.7722736780997366e-05
dadgp,223,-0.8624094128608704,-0.6722896099090576,-0.6704586148262024,-0.5469743013381958,-0.7994359731674194,7.161505345720798e-05,0.0004959035431966186,-0.0005675166612491012
dadgp,224,-0.8093843907117844,-0.6743432283401489,-0.6747824549674988,-0.5374429821968079,-0.8108043074607849,-0.000281206943327561,0.000723997422028333,-0.0004427880921866745
dadgp,225,-0.8343568593263626,-0.6571093797683716,-0.6626672148704529,-0.5007950663566589,-0.8078657388687134,-0.00011105635348940268,-0.0002640614693518728,0.00037511964910663664
dadgp,226,-0.7729278802871704,-0.6545360088348389,-0.653987467288971,-0.5081198811531067,-0.8015004992485046,0.0002963611332233995,-0.00028559344355016947,-1.0768855645437725e-05
dadgp,227,-0.8987912386655807,-0.694905161857605,-0.6907238364219666,-0.5676228404045105,-0.8263688087463379,6.943112384760752e-05,0.0006923262844793499,-0.0007617544033564627
dadgp,228,-0.7787638753652573,-0.6748952269554138,-0.6735922694206238,-0.5334140658378601,-0.817679226398468,8.480381075059995e-05,0.00016972061712294817,-0.00025452443514950573
dadgp,229,-0.839561253786087,-0.679092288017273,-0.6759707927703857,-0.5395476222038269,-0.8217584490776062,-0.0003186879912391305,0.00016144734399858862,0.00015723754768259823
dadgp,230,-0.8369218856096268,-0.6813406348228455,-0.6757565140724182,-0.544549286365509,-0.8237159848213196,-0.00025122868828475475,0.0007992031751200557,-0.0005479744868353009
dadgp,231,-0.8421540260314941,-0.7048516869544983,-0.7037109136581421,-0.5713018774986267,-0.8395422101020813,0.00034608994610607624,-0.0002700344775803387,-7.605287828482687e-05
dadgp,232,-0.8464579880237579,-0.7093653082847595,-0.7074055075645447,-0.5748932957649231,-0.845797061920166,0.00017598831618670374,0.0002175219706259668,-0.000393506430555135
dadgp,233,-0.8207483291625977,-0.6944497227668762,-0.6960663795471191,-0.5495707392692566,-0.8377119302749634,-0.0001868379331426695,0.00019985756080131978,-1.3017087439948227e-05
dadgp,234,-0.8027359545230865,-0.7052745819091797,-0.7018461227416992,-0.5666239857673645,-0.8473535776138306,-7.155474304454401e-05,-0.0001578183437231928,0.0002293759462190792
dadgp,235,-0.979812279343605,-0.7261039614677429,-0.7233020663261414,-0.5981987714767456,-0.856810986995697,1.6654366845614277e-05,0.00017430084699299186,-0.00019095362222287804
dadgp,236,-0.8772564232349396,-0.7198728322982788,-0.7254432439804077,-0.5718887448310852,-0.862286388874054,0.00017010480223689228,6.445490726036951e-05,-0.00023455855262000114
dadgp,237,-0.8393178135156631,-0.7164793610572815,-0.7182468771934509,-0.5681586265563965,-0.8630325198173523,-1.2804654033971019e-05,-0.00022083366638980806,0.00023363954096566886
dadgp,238,-0.8602957129478455,-0.7297923564910889,-0.7301982045173645,-0.5878344774246216,-0.871344268321991,-2.756138565018773e-05,0.0003708731383085251,-0.00034331329516135156
dadgp,239,-0.836807906627655,-0.7303123474121094,-0.7292208075523376,-0.5834258198738098,-0.8782903552055359,2.846850111382082e-05,-0.00024728383868932724,0.00021881354041397572
dadgp,240,-0.9269457012414932,-0.7118261456489563,-0.712253987789154,-0.5478549599647522,-0.8753694891929626,-1.4636977539339568e-05,0.000647363776806742,-0.000632727867923677
dadgp,241,-0.8469971567392349,-0.7331047058105469,-0.7315894961357117,-0.585925281047821,-0.8817991614341736,-0.0001757165155140683,0.00024958362337201834,-7.38657035981305e-05
dadgp,242,-0.9654378890991211,-0.7706829905509949,-0.7677662372589111,-0.6476699709892273,-0.8966127634048462,-6.017362102284096e-05,8.645709021948278e-05,-2.628594302223064e-05
dadgp,243,-0.9400691986083984,-0.7428771257400513,-0.7435967326164246,-0.5959014296531677,-0.889133095741272,-4.204973447485827e-05,0.00025706642190925777,-0.00021501831361092627
dadgp,244,-0.8799486309289932,-0.7569360733032227,-0.7543372511863708,-0.613926887512207,-0.9025440216064453,-0.00012560498726088554,8.193826943170279e-05,4.366898428997956e-05
dadgp,245,-0.9441884309053421,-0.7857910394668579,-0.7793439626693726,-0.6701758503913879,-0.9078533053398132,-0.00018474823446013033,0.00044281085138209164,-0.0002580637810751796
dadgp,246,-0.9796820431947708,-0.7679085731506348,-0.7633242607116699,-0.6254908442497253,-0.9149104952812195,0.00010464889055583626,0.0005435321945697069,-0.0006481797900050879
dadgp,247,-0.9325504302978516,-0.7480692863464355,-0.747856855392456,-0.59666508436203,-0.8996858596801758,-0.00028050062246620655,-0.0002391631860518828,0.0005196590791456401
dadgp,248,-0.9027493000030518,-0.7795373201370239,-0.779481828212738,-0.637938380241394,-0.9211916327476501,6.15647149970755e-05,7.058853952912614e-05,-0.00013215324725024402
dadgp,249,-0.8802420794963837,-0.770633339881897,-0.7740868926048279,-0.6241317391395569,-0.913681149482727,3.6522920709103346e-05,-6.86980501996004e-06,-2.965084604511503e-05
dadgp,250,-0.889061227440834,-0.7698674201965332,-0.7709255814552307,-0.6212729215621948,-0.9174038171768188,-0.00015150741091929376,-8.023338159546256e-05,0.00023174182570073754
dadgp,251,-0.8511675149202347,-0.801624059677124,-0.7958126664161682,-0.6828330159187317,-0.9262264370918274,-3.335776273161173e-05,0.00026332910056225955,-0.00022996877669356763
dadgp,252,-0.9187727868556976,-0.7708029747009277,-0.7660629153251648,-0.6405264735221863,-0.9058195352554321,0.00012942389003001153,0.0001784238120308146,-0.00030784396221861243
dadgp,253,-0.959691658616066,-0.7628796696662903,-0.7598327994346619,-0.6190580725669861,-0.9097480773925781,-0.00010169202141696587,0.0006056640995666385,-0.0005039712996222079
dadgp,254,-1.0095548629760742,-0.7777686715126038,-0.7777240872383118,-0.6318598389625549,-0.923721969127655,6.02002137384261e-06,-0.0001547174178995192,0.0001487004046794027
dadgp,255,-0.8658687025308609,-0.7969938516616821,-0.7995116114616394,-0.6603369116783142,-0.9311329126358032,-0.00022352233645506203,-2.490085353201721e-05,0.00024842587299644947
dadgp,256,-0.8899233639240265,-0.7900522947311401,-0.7924423217773438,-0.6493217349052429,-0.9283928275108337,2.6487118702789303e-06,0.0001691807119641453,-0.0001718289713608101
dadgp,257,-1.0259954631328583,-0.805061936378479,-0.8061234354972839,-0.6613351702690125,-0.9477272033691406,-0.00016874125867616385,-0.00012265723489690572,0.0002913964563049376
dadgp,258,-0.9423325955867767,-0.8128969669342041,-0.8098329901695251,-0.6786044836044312,-0.9502533078193665,-2.7833893909701146e-05,-0.00017497864610049874,0.00020281084289308637
dadgp,259,-0.9727945327758789,-0.8147107362747192,-0.8145108222961426,-0.6802828311920166,-0.9493383765220642,9.749001765158027e-05,-0.00019378621072974056,9.629444684833288e-05
dadgp,260,-0.95511494576931,-0.8112512230873108,-0.8064715266227722,-0.679296612739563,-0.9479854702949524,0.00020110601326450706,-0.0002742911456152797,7.318726420635357e-05
dadgp,261,-0.9171985983848572,-0.7966811656951904,-0.7978741526603699,-0.6435231566429138,-0.948646068572998,-5.3070983994985e-05,-7.782618195051327e-05,0.00013089894491713494
dadgp,262,-0.9305178225040436,-0.8080594539642334,-0.8081888556480408,-0.6660771369934082,-0.9499121904373169,4.7421508497791365e-05,0.00010557747009443119,-0.00015299816732294858
dadgp,263,-0.8874576240777969,-0.8180806636810303,-0.8185879588127136,-0.6685724854469299,-0.9670815467834473,-0.0002201369497925043,8.754464943194762e-05,0.00013259329716674984
dadgp,264,-0.9852809756994247,-0.8327685594558716,-0.8307520747184753,-0.696189820766449,-0.9713637232780457,-5.27340016560629e-05,5.932831118116155e-05,-6.592748377443058e-06
dadgp,265,-0.9107515066862106,-0.8251487016677856,-0.82807457447052,-0.6783421635627747,-0.9690292477607727,5.88859329582192e-05,-6.757620576536283e-05,8.688961315783672e-06
dadgp,266,-0.9451811909675598,-0.8432353734970093,-0.8414945602416992,-0.7112022638320923,-0.9770092368125916,9.95806185528636e-05,-0.0005281996564008296,0.0004286190087441355
dadgp,267,-0.9381119012832642,-0.8424213528633118,-0.8419745564460754,-0.7060565948486328,-0.9792327880859375,1.0940758329525124e-05,0.0001782642211765051,-0.00018920587899629027
dadgp,268,-1.0003883242607117,-0.8524948954582214,-0.8508663177490234,-0.7176566123962402,-0.9889616966247559,-8.193812391255051e-05,2.4665359887876548e-05,5.727467214455828e-05
dadgp,269,-1.041680559515953,-0.856347918510437,-0.8572782874107361,-0.7188681364059448,-0.9928973317146301,-3.960261892643757e-05,-0.00045728599070571363,0.0004968881257809699
dadgp,270,-0.9974888116121292,-0.8404277563095093,-0.837074875831604,-0.6916970610618591,-0.9925114512443542,8.778554911259562e-05,-0.0005112845683470368,0.0004235005471855402
dadgp,271,-0.9170524030923843,-0.8339329957962036,-0.8355121612548828,-0.6760361790657043,-0.9902504086494446,-2.9881672162446193e-05,-0.00045314428280107677,0.00048302547656930983
dadgp,272,-1.0473808944225311,-0.8571261167526245,-0.8555150032043457,-0.720096230506897,-0.9957671165466309,-4.971645830664784e-05,0.00048696863814257085,-0.0004372516123112291
dadgp,273,-0.995052307844162,-0.8437899351119995,-0.8397756814956665,-0.6953038573265076,-0.9962901473045349,-0.00013939323252998292,-0.00017574781668372452,0.0003151410783175379
dadgp,274,-0.9530500769615173,-0.8615015745162964,-0.8602848052978516,-0.7197657823562622,-1.0044538974761963,-8.045570575632155e-05,-7.726914918748662e-05,0.00015772366896271706
dadgp,275,-0.9382765889167786,-0.8720577955245972,-0.869838535785675,-0.735569953918457,-1.010764718055725,-0.00010866644879570231,0.00019130948930978775,-8.26433242764324e-05
dadgp,276,-1.0259294360876083,-0.8718063831329346,-0.8703126907348633,-0.7349321842193604,-1.01017427444458,7.329190702876076e-05,0.00013229901378508657,-0.00020558858523145318
dadgp,277,-1.096386343240738,-0.8535069227218628,-0.8526642918586731,-0.6972267031669617,-1.010629653930664,-0.00013855223369318992,0.00030390158644877374,-0.00016535053146071732
dadgp,278,-1.0358727276325226,-0.8721981644630432,-0.8718809485435486,-0.7306225895881653,-1.0140907764434814,-0.00015091920795384794,-6.227093399502337e-05,0.00021319329971447587
dadgp,279,-0.9878431260585785,-0.8801220059394836,-0.8822296261787415,-0.7396998405456543,-1.018436312675476,-1.140342192229582e-05,-5.100875932839699e-05,6.241309165488929e-05
dadgp,280,-1.085319310426712,-0.8829416632652283,-0.8798038363456726,-0.7462480664253235,-1.0227729082107544,-0.00024319777730852365,0.00024178573221433908,1.4139660606815596e-06
dadgp,281,-1.0609835088253021,-0.8915332555770874,-0.8877977728843689,-0.7674534916877747,-1.0193485021591187,-0.00011418074427638203,-0.000149340252391994,0.0002635217970237136
dadgp,282,-1.0841748714447021,-0.8844285011291504,-0.880732536315918,-0.7384244799613953,-1.0341285467147827,-0.0001425496011506766,-0.00011834045290015638,0.0002608899958431721
dadgp,283,-1.045402079820633,-0.8827857971191406,-0.8841110467910767,-0.7329735159873962,-1.0312727689743042,0.00011602480662986636,0.0002181953750550747,-0.000334221578668803
dadgp,284,-0.9716728925704956,-0.8757003545761108,-0.8802809119224548,-0.7197057008743286,-1.0271142721176147,8.923064160626382e-05,-7.401694165309891e-05,-1.5214049199130386e-05
dadgp,285,-0.9840641617774963,-0.8800520896911621,-0.880726158618927,-0.7253114581108093,-1.0341185331344604,7.652826752746478e-06,6.0592654335778207e-05,-6.82467725710012e-05
dadgp,286,-0.9819881618022919,-0.908075749874115,-0.9087669253349304,-0.7693072557449341,-1.0461530685424805,0.00010173940245294943,3.2093106710817665e-05,-0.00013383239274844527
dadgp,287,-1.0204551219940186,-0.8948655128479004,-0.898501992225647,-0.7436730265617371,-1.0424214601516724,5.783235974377021e-05,1.4087131603446323e-05,-7.19186500646174e-05
dadgp,288,-1.051356703042984,-0.9022092223167419,-0.9030079245567322,-0.7583713531494141,-1.0452483892440796,5.062578566139564e-05,2.2462223569164053e-05,-7.308922795346007e-05
dadgp,289,-0.9547866880893707,-0.8882455229759216,-0.8850014805793762,-0.7451616525650024,-1.0345734357833862,-0.0001011077911243774,0.0001261586439795792,-2.505107840988785e-05
dadgp,290,-1.056988701224327,-0.8888242840766907,-0.8874055743217468,-0.7400671243667603,-1.0389999151229858,-0.00012956965656485409,0.00023950712056830525,-0.00010993587056873366
dadgp,291,-1.0344807654619217,-0.8898608684539795,-0.8890625238418579,-0.7353572249412537,-1.0451627969741821,-3.7137051549507305e-05,0.0002276965678902343,-0.00019056042947340757
dadgp,292,-1.0986455082893372,-0.8944582343101501,-0.8882564902305603,-0.7449368834495544,-1.0501811504364014,-5.2519055316224694e-05,0.00040312428609468043,-0.00035060656955465674
dadgp,293,-1.059232085943222,-0.8721120357513428,-0.8759576678276062,-0.7027047276496887,-1.0376735925674438,-4.334926779847592e-05,-3.889099389198236e-05,8.224223711295053e-05
dadgp,294,-0.9391495883464813,-0.9067292213439941,-0.9074999094009399,-0.7573882937431335,-1.0552994012832642,3.3170093956869096e-05,5.063864591647871e-05,-8.380773942917585e-05
dadgp,295,-1.02044677734375,-0.9109674692153931,-0.9088377356529236,-0.7654167413711548,-1.0586477518081665,-1.222825358127011e-05,-8.43497400637716e-05,9.657723421696573e-05
dadgp,296,-1.013425961136818,-0.9009601473808289,-0.8995782136917114,-0.754640519618988,-1.0486615896224976,4.128180080442689e-06,4.7245943278539926e-05,-5.1374219765421e-05
dadgp,297,-1.1036287546157837,-0.8984238505363464,-0.9008235931396484,-0.7370119094848633,-1.0574359893798828,6.613304867642e-05,-8.900662942323834e-05,2.2874668502481654e-05
dadgp,298,-1.1009285748004913,-0.910504162311554,-0.9139595031738281,-0.7559975385665894,-1.0615553855895996,2.7372684598958585e-06,0.0002324266533832997,-0.0002351659641135484
dadgp,299,-1.0607342720031738,-0.8993813991546631,-0.9047485589981079,-0.7310129404067993,-1.0623825788497925,-0.00019826737116090953,-0.00021022147848270833,0.0004084887623321265
dadgp,300,-1.1363068372011185,-0.9159467220306396,-0.9137948155403137,-0.7642792463302612,-1.0697660446166992,-3.446207847446203e-05,3.657945489976555e-05,-2.116637915605679e-06
dadgp,301,-1.0218154788017273,-0.9301390647888184,-0.9269356727600098,-0.7909024357795715,-1.0725791454315186,6.657094218098791e-06,-2.1122603357071057e-05,1.4464779269474093e-05
dadgp,302,-1.1011138260364532,-0.9260420203208923,-0.9244512915611267,-0.7764713168144226,-1.077203392982483,1.3948503692517988e-05,7.602760888403282e-05,-8.997525583254173e-05
dadgp,303,-1.0192801654338837,-0.9210770130157471,-0.9246723055839539,-0.7586522698402405,-1.0799063444137573,-3.357817331561819e-05,-1.1083560593760922e-06,3.468729119049385e-05
dadgp,304,-1.1148071885108948,-0.9175415635108948,-0.9209277033805847,-0.757548451423645,-1.0741485357284546,5.4753250879002735e-05,-0.00026504314155317843,0.00021028787887189537
dadgp,305,-1.084656983613968,-0.9204455018043518,-0.9229106307029724,-0.7591668367385864,-1.0792587995529175,-6.2734479797654785e-06,0.00033619898022152483,-0.00032992666820064187
dadgp,306,-1.1349274814128876,-0.9146006107330322,-0.9159175753593445,-0.7486793398857117,-1.0792049169540405,-3.141006163787097e-05,-0.00017077384109143168,0.00020218260760884732
dadgp,307,-1.1264940798282623,-0.9173265695571899,-0.9207622408866882,-0.7502532601356506,-1.0809640884399414,0.000162557655130513,-0.00023418893397320062,7.16295835445635e-05
dadgp,308,-1.0896329879760742,-0.9472692012786865,-0.9524370431900024,-0.7934351563453674,-1.0959354639053345,-1.4078400454309303e-05,1.3167613360565156e-05,9.098081932279456e-07
dadgp,309,-1.042947381734848,-0.9480366706848145,-0.9510374069213867,-0.7991102337837219,-1.0939621925354004,-4.4715193325828295e-06,3.0401948606595397e-05,-2.593059980426915e-05
dadgp,310,-1.1039572358131409,-0.9441338181495667,-0.9409337043762207,-0.8014583587646484,-1.090009331703186,3.4562584914965555e-05,0.0002980827121064067,-0.0003326457226648927
dadgp,311,-1.1168286800384521,-0.9174866676330566,-0.9192867279052734,-0.748073399066925,-1.0850998163223267,3.542522608768195e-05,0.00029439720674417913,-0.00032982189441099763
dadgp,312,-1.1568472981452942,-0.9445667862892151,-0.9445428848266602,-0.7892802357673645,-1.099877119064331,-7.272287621162832e-05,-0.0002659657911863178,0.00033868750324472785
dadgp,313,-1.182740330696106,-0.9476128816604614,-0.9488062262535095,-0.7987862825393677,-1.0952460765838623,0.00017711336840875447,0.0001778089499566704,-0.00035492374445311725
dadgp,314,-1.1113434433937073,-0.9390215873718262,-0.9397034049034119,-0.7771412134170532,-1.1002198457717896,3.291664688731544e-05,2.9653263482032344e-05,-6.256927008507773e-05
dadgp,315,-1.0967187285423279,-0.9534528255462646,-0.9549204111099243,-0.7926088571548462,-1.1128292083740234,7.205879228422418e-05,-0.0003307510050944984,0.0002586922491900623
dadgp,316,-1.1860621869564056,-0.9715356826782227,-0.9712379574775696,-0.8402239680290222,-1.1031450033187866,-1.3091849723423366e-05,0.00021944816398900002,-0.00020635711553040892
dadgp,317,-1.0412883758544922,-0.950444221496582,-0.9498453140258789,-0.7923567891120911,-1.109130620956421,3.2881336665013805e-05,-6.880935688968748e-05,3.592708526412025e-05
dadgp,318,-1.1695950031280518,-0.9625929594039917,-0.9649035334587097,-0.8151106238365173,-1.1077646017074585,1.579439231136348e-05,0.0002840912202373147,-0.0002998853742610663
dadgp,319,-1.2067615985870361,-0.9627542495727539,-0.9652788043022156,-0.8112463355064392,-1.111737608909607,4.6991124690975994e-05,-0.00031000529997982085,0.0002630141389090568
dadgp,320,-1.1407859027385712,-0.9295129179954529,-0.933383584022522,-0.760461151599884,-1.0946940183639526,-0.0001298563729505986,0.00031783440499566495,-0.0001879796909634024
dadgp,321,-1.231868326663971,-0.9605532288551331,-0.9580564498901367,-0.8059108853340149,-1.1176923513412476,-1.3197407497500535e-05,-0.00022562104277312756,0.00023881597735453397
dadgp,322,-1.1451079845428467,-0.9696019291877747,-0.9692836999893188,-0.8158844113349915,-1.1236375570297241,-0.00011000533413607627,9.635354217607528e-05,1.3653680071001872e-05
dadgp,323,-1.205700159072876,-0.9490104913711548,-0.9487904906272888,-0.7789511680603027,-1.1192896366119385,9.719602530822158e-05,0.00021633414144162089,-0.00031352965743280947
dadgp,324,-1.0683298707008362,-0.967484176158905,-0.9631645083427429,-0.8178747296333313,-1.1214131116867065,4.3036223360104486e-05,8.938336395658553e-05,-0.0001324183540418744
dadgp,325,-1.2213301360607147,-0.961259126663208,-0.962996780872345,-0.8031648993492126,-1.1176155805587769,8.973268995760009e-05,-0.00012879476707894355,3.906093115801923e-05
dadgp,326,-1.0992849469184875,-0.9830061197280884,-0.9796203970909119,-0.8473109602928162,-1.122087001800537,1.0931606993835885e-05,4.434812217368744e-05,-5.527969551621936e-05
dadgp,327,-1.3189035952091217,-0.9685741662979126,-0.9670085906982422,-0.8216223120689392,-1.1170915365219116,-3.1325078452937305e-05,-0.000249984412221238,0.00028131023282185197
dadgp,328,-1.146044760942459,-0.9605360627174377,-0.9680765271186829,-0.7831836938858032,-1.130347728729248,-0.0001684248709352687,-0.00013626513828057796,0.0003046896599698812
dadgp,329,-1.1746631562709808,-0.9568605422973633,-0.9604783058166504,-0.7813711166381836,-1.1287320852279663,-0.00020915133063681424,0.0001418609608663246,6.728762673446909e-05
dadgp,330,-1.0884900838136673,-0.989012598991394,-0.9850918054580688,-0.8553205728530884,-1.1266252994537354,-1.8632315914146602e-05,8.559834532206878e-05,-6.696568743791431e-05
dadgp,331,-1.1236300468444824,-0.9748369455337524,-0.9758360981941223,-0.8157618641853333,-1.1329127550125122,-4.1886811231961474e-05,2.642873369040899e-05,1.5456558685400523e-05
dadgp,332,-1.108287289738655,-0.955451488494873,-0.9606167078018188,-0.7759732007980347,-1.1297645568847656,4.012159843114205e-05,7.728727359790355e-05,-0.00011740910849766806
dadgp,333,-1.0834853947162628,-0.9843090772628784,-0.9896984100341797,-0.8207048773765564,-1.1425236463546753,1.6608577425358817e-05,5.5654785683145747e-05,-7.2263996116817e-05
dadgp,334,-1.1401112079620361,-0.9893282055854797,-0.9827978014945984,-0.8488621115684509,-1.1363246440887451,-3.4261043765582144e-05,0.00026424386305734515,-0.0002299829648109153
dadgp,335,-1.1692553460597992,-0.972588300704956,-0.9778780341148376,-0.8079847693443298,-1.1319019794464111,1.7858421415439807e-05,6.81411984260194e-05,-8.599996363045648e-05
dadgp,336,-1.1022512763738632,-0.9804476499557495,-0.9796889424324036,-0.8237684369087219,-1.137885570526123,4.147387153352611e-05,2.40297922573518e-05,-6.550316902576014e-05
dadgp,337,-1.1850796043872833,-1.013119101524353,-1.0126816034317017,-0.8738833665847778,-1.15279221534729,2.653407136676833e-05,0.00022713368525728583,-0.00025366718182340264
dadgp,338,-1.2810706794261932,-0.9799776673316956,-0.9836478233337402,-0.827824056148529,-1.1284608840942383,-0.00010792056855279952,-0.0001660956913838163,0.00027401623083278537
dadgp,339,-1.0936699509620667,-0.9898488521575928,-0.9949435591697693,-0.8321906924247742,-1.1424120664596558,4.271025682101026e-05,-7.23384291632101e-05,2.9627428375533782e-05
dadgp,340,-1.22402822971344,-1.0055804252624512,-1.005292534828186,-0.8583715558052063,-1.1530770063400269,-0.00010269967606291175,5.1868235459551215e-05,5.083100768388249e-05
dadgp,341,-1.2721085846424103,-1.0179977416992188,-1.0138143301010132,-0.8803257346153259,-1.1598527431488037,-3.779329199460335e-05,0.00019874358258675784,-0.00016095016326289624
dadgp,342,-1.1368611454963684,-0.9942917823791504,-0.9908203482627869,-0.8411981463432312,-1.150856852531433,-7.433780410792679e-05,9.394864173373207e-05,-1.960950430657249e-05
dadgp,343,-1.2355102002620697,-1.0074459314346313,-1.0103424787521362,-0.8583864569664001,-1.1536086797714233,2.5541288778185844e-05,-2.667695480340626e-05,1.1350672366461367e-06
dadgp,344,-1.09737828373909,-1.0050005912780762,-1.0075712203979492,-0.8552019000053406,-1.152228593826294,-2.4113574909279123e-05,9.936415153788403e-05,-7.524987449869514e-05
dadgp,345,-1.1933735609054565,-1.0003066062927246,-1.0033434629440308,-0.8441095352172852,-1.1534665822982788,1.4299633221526165e-05,6.282611866481602e-05,-7.712460501352325e-05
dadgp,346,-1.1872610449790955,-1.0205957889556885,-1.0163648128509521,-0.8839384913444519,-1.1614841222763062,-5.9448044339660555e-05,5.4121359426062554e-05,5.325112397258636e-06
dadgp,347,-1.1613489985466003,-1.0138107538223267,-1.0131466388702393,-0.8639945983886719,-1.1642910242080688,4.033013465232216e-05,-0.00013113676686771214,9.080622112378478e-05
dadgp,348,-1.159233808517456,-1.0159626007080078,-1.019465446472168,-0.8698022961616516,-1.1586202383041382,2.178630165872164e-05,8.992129005491734e-05,-0.00011170583456987515
dadgp,349,-1.2459504306316376,-1.0070298910140991,-1.009421706199646,-0.8452820777893066,-1.1663857698440552,-3.151134660583921e-05,0.0002280676126247272,-0.00019655609503388405
dadgp,350,-1.136367529630661,-0.9973540902137756,-1.0005134344100952,-0.8271915316581726,-1.16435706615448,-4.6184930397430435e-05,4.026130409329198e-05,5.923206572333584e-06
dadgp,351,-1.1771738231182098,-0.9996960163116455,-1.002198576927185,-0.8370771408081055,-1.1598122119903564,2.428912466712063e-06,-4.448733670869842e-05,4.2059997213073075e-05
dadgp,352,-1.3053171336650848,-0.9980024099349976,-0.9987716674804688,-0.837946355342865,-1.1572890281677246,-2.4085464247036725e-05,0.00010775523696793243,-8.367229020223022e-05
dadgp,353,-1.195997565984726,-1.0082894563674927,-1.0097593069076538,-0.8479175567626953,-1.167191505432129,1.3464978110278025e-05,4.996675124857575e-05,-6.34330281172879e-05
dadgp,354,-1.190763533115387,-1.0039465427398682,-1.0025889873504639,-0.8522176742553711,-1.1570329666137695,-1.8562997865956277e-05,-2.660553036548663e-05,4.5169705117587e-05
dadgp,355,-1.1577472388744354,-1.0083129405975342,-1.0105575323104858,-0.8475732803344727,-1.166807770729065,-4.667193934437819e-05,9.311900612374302e-06,3.735972131835297e-05
dadgp,356,-1.1863742470741272,-1.008772850036621,-1.0108870267868042,-0.8447179794311523,-1.1707133054733276,2.905811015807558e-05,0.0001833937130868435,-0.00021245247626211494
dadgp,357,-1.3310611844062805,-1.0130218267440796,-1.012308955192566,-0.8636480569839478,-1.163108468055725,1.577313923917245e-05,-0.00020493425836320966,0.0001891627471195534
dadgp,358,-1.1642459630966187,-1.009887933731079,-1.010351538658142,-0.8498129844665527,-1.1694992780685425,3.314829882583581e-05,-3.0834813514957204e-05,-2.3132265596359503e-06
dadgp,359,-1.1953631937503815,-1.0315227508544922,-1.027851939201355,-0.8874202966690063,-1.1792958974838257,1.773257849890797e-06,0.00019269748008809984,-0.00019447166414465755
dadgp,360,-1.1355184614658356,-1.0222477912902832,-1.0176973342895508,-0.8739629983901978,-1.1750826835632324,5.646542558679357e-05,2.9409122362267226e-05,-8.587388583691791e-05
dadgp,361,-1.2435964941978455,-0.9911046028137207,-0.9935898184776306,-0.8172938227653503,-1.162429928779602,1.489067244619946e-06,0.00011601245205383748,-0.00011750181147363037
dadgp,362,-1.2745270729064941,-1.0292539596557617,-1.0288349390029907,-0.8772609829902649,-1.1816660165786743,8.716881711734459e-05,0.0001284190220758319,-0.00021558870503213257
dadgp,363,-1.1778169870376587,-1.0070915222167969,-1.0102933645248413,-0.8407554626464844,-1.1702255010604858,2.905427936639171e-05,1.1481592991913203e-05,-4.0535185689805076e-05
dadgp,364,-1.1114920228719711,-1.0237878561019897,-1.0238678455352783,-0.8661932349205017,-1.1813024282455444,-3.315175126772374e-05,-5.397455879574409e-06,3.8549056625925004e-05
dadgp,365,-1.1266063004732132,-1.0236647129058838,-1.0231956243515015,-0.8641131520271301,-1.1836851835250854,-1.5356034055002965e-05,5.728866199206095e-06,9.626183782529552e-06
dadgp,366,-1.1865880489349365,-1.002366542816162,-1.0025604963302612,-0.8335716128349304,-1.17096745967865,4.322516906540841e-05,0.00014186828047968447,-0.0001850931002991274
dadgp,367,-1.1629213988780975,-1.0371977090835571,-1.035321593284607,-0.8831430673599243,-1.1931284666061401,-1.3215562830737326e-06,3.045720404770691e-05,-2.9135693694115616e-05
dadgp,368,-1.1382797360420227,-1.0296757221221924,-1.0263683795928955,-0.8752338290214539,-1.1874250173568726,-3.017602466570679e-05,-0.0001598187955096364,0.0001899949711514637
dadgp,369,-1.207569032907486,-1.0286569595336914,-1.0297876596450806,-0.8727253079414368,-1.1834579706192017,-4.191316111246124e-05,0.00019223282288294286,-0.0001503188832430169
dadgp,370,-1.173877239227295,-1.024043321609497,-1.0259294509887695,-0.8537387847900391,-1.192461609840393,4.483323937165551e-05,-2.469090213708114e-05,-2.014288111240603e-05
dadgp,371,-1.125670611858368,-1.0372287034988403,-1.0443603992462158,-0.8808054327964783,-1.1865202188491821,-7.509899296564981e-05,6.606876559089869e-05,9.030517503560986e-06
dadgp,372,-1.1693869829177856,-1.0423437356948853,-1.0440247058868408,-0.8909412622451782,-1.1920652389526367,2.1148633095435798e-05,2.9476788768079132e-05,-5.062488344265148e-05
dadgp,373,-1.384148120880127,-1.0162065029144287,-1.0168676376342773,-0.8408803939819336,-1.1908713579177856,4.6597415348514915e-05,8.798854105407372e-05,-0.0001345859927823767
dadgp,374,-1.1932247281074524,-1.0372607707977295,-1.0344679355621338,-0.8879463076591492,-1.1893678903579712,7.060666393954307e-05,-1.4258348528528586e-05,-5.634831904899329e-05
dadgp,375,-1.2076065242290497,-1.0472368001937866,-1.046380877494812,-0.8978958129882812,-1.1974334716796875,3.245176048949361e-05,4.8104124289238825e-05,-8.055604121182114e-05
dadgp,376,-1.1918537616729736,-1.0167158842086792,-1.0193490982055664,-0.8410273790359497,-1.189771056175232,-1.139352661994053e-05,3.916359128197655e-05,-2.777038753265515e-05
dadgp,377,-1.273645043373108,-1.0496296882629395,-1.0521595478057861,-0.8953676223754883,-1.2013617753982544,5.620490628643893e-05,-0.00018214953888673335,0.00012594433792401105
dadgp,378,-1.1697408258914948,-1.043580174446106,-1.044294834136963,-0.8926398158073425,-1.1938056945800781,-2.322068394278176e-05,-0.00014705896319355816,0.00017027965805027634
dadgp,379,-1.1831501722335815,-1.0366345643997192,-1.0401811599731445,-0.8675322532653809,-1.2021901607513428,-0.00016292312648147345,9.60541729000397e-06,0.0001533177273813635
dadgp,380,-1.2959276735782623,-1.050608515739441,-1.0535945892333984,-0.8945419192314148,-1.2036889791488647,2.985129685839638e-05,0.0001396832667523995,-0.00016953532758634537
dadgp,381,-1.1221568882465363,-1.0364277362823486,-1.0410072803497314,-0.8648447394371033,-1.2034308910369873,-5.914683060836978e-05,4.224503936711699e-05,1.6902300558285788e-05
dadgp,382,-1.208348035812378,-1.0395472049713135,-1.0394927263259888,-0.8787793517112732,-1.2003693580627441,-5.487734233611263e-05,-1.481303115724586e-05,6.968963862163946e-05
dadgp,383,-1.2220436334609985,-1.0161139965057373,-1.0182181596755981,-0.8427944183349609,-1.1873292922973633,1.4060297871765215e-05,-4.949398498865776e-05,3.543343336787075e-05
dadgp,384,-1.2012340724468231,-1.0652682781219482,-1.06252121925354,-0.9322666525840759,-1.2010170221328735,-3.433920574025251e-05,-0.00013044365914538503,0.00016478265752084553
dadgp,385,-1.2473070323467255,-1.0524605512619019,-1.0521163940429688,-0.8979677557945251,-1.2072972059249878,-4.836595689994283e-05,0.0001672507351031527,-0.00011888452718267217
dadgp,386,-1.2079635262489319,-1.057722568511963,-1.0617491006851196,-0.906226634979248,-1.2051918506622314,2.090933412546292e-05,5.6769851653371006e-05,-7.767887291265652e-05
dadgp,387,-1.2253714799880981,-1.0425759553909302,-1.0413633584976196,-0.885410726070404,-1.200953722000122,7.274201925611123e-05,7.6135156632517464e-06,-8.03561124484986e-05
dadgp,388,-1.267221361398697,-1.0182815790176392,-1.0295597314834595,-0.8339664340019226,-1.1913185119628906,7.867212843848392e-06,4.2281080823158845e-05,-5.014722773921676e-05
dadgp,389,-1.2300588190555573,-1.0389070510864258,-1.0422821044921875,-0.8691642880439758,-1.2052747011184692,1.1866183740494307e-05,-0.0001487627741880715,0.00013689708430320024
dadgp,390,-1.2763387262821198,-1.037644624710083,-1.0425653457641602,-0.8673694729804993,-1.2029987573623657,-3.9568229112774134e-05,-9.427488112123683e-05,0.00013384310295805335
dadgp,391,-1.2690978646278381,-1.0278208255767822,-1.0339038372039795,-0.8541719317436218,-1.1953864097595215,-3.938669033232145e-05,0.00014158595877233893,-0.00010219949763268232
dadgp,392,-1.2098869681358337,-1.0637757778167725,-1.0644588470458984,-0.9118593335151672,-1.2150089740753174,-9.599354598321952e-06,0.0001434969890397042,-0.00013389693049248308
dadgp,393,-1.1862355768680573,-1.0389039516448975,-1.0433086156845093,-0.8684870004653931,-1.2049163579940796,-2.0025388948852196e-05,-0.0001264461752725765,0.00014647157513536513
dadgp,394,-1.2085851728916168,-1.0633339881896973,-1.0644371509552002,-0.9081668853759766,-1.2173975706100464,1.738014725560788e-05,-3.868072235491127e-05,2.1300220396369696e-05
dadgp,395,-1.2659432590007782,-1.0504844188690186,-1.0539485216140747,-0.888387143611908,-1.2091176509857178,5.420495290309191e-05,-0.0001534850598545745,9.92801069514826e-05
dadgp,396,-1.3695286214351654,-1.0190798044204712,-1.0269283056259155,-0.8376542925834656,-1.1926567554473877,1.6176141798496246e-05,-0.0001408214884577319,0.0001246458268724382
dadgp,397,-1.2873505055904388,-1.053596019744873,-1.0519688129425049,-0.893828809261322,-1.214990496635437,1.0753007700259332e-05,-0.00010670996562112123,9.595777373760939e-05
dadgp,398,-1.1908775568008423,-1.0627164840698242,-1.0609909296035767,-0.9095792174339294,-1.2175788879394531,6.870428705951781e-07,3.130803861495224e-06,-3.8172265703906305e-06
dadgp,399,-1.2467420399188995,-1.0447180271148682,-1.047397494316101,-0.8786416053771973,-1.2081146240234375,-1.4459036492553423e-06,4.098167482879944e-05,-3.953603663831018e-05
dadgp,400,-1.3041252195835114,-1.0638431310653687,-1.0642735958099365,-0.8998236060142517,-1.227432131767273,-1.7339685655315407e-05,4.414459181134589e-05,-2.6804600565810688e-05
dadgp,401,-1.1875783503055573,-1.0483989715576172,-1.0514825582504272,-0.8752939105033875,-1.2184202671051025,1.5805428120074794e-05,3.6361707316245884e-05,-5.2166902605677024e-05
dadgp,402,-1.181545913219452,-1.0309152603149414,-1.0327789783477783,-0.8482463955879211,-1.2117204666137695,-9.328762644145172e-06,6.632277290918864e-06,2.6965512915921863e-06
dadgp,403,-1.2062023282051086,-1.070749282836914,-1.0703204870224,-0.9119234085083008,-1.2300035953521729,7.034435111563653e-05,2.6562185666989535e-05,-9.690545994089916e-05
dadgp,404,-1.1862789988517761,-1.0614969730377197,-1.063312292098999,-0.8991749882698059,-1.222003698348999,1.8928698409581557e-05,4.119552977499552e-05,-6.012426092638634e-05
dadgp,405,-1.4031437933444977,-1.0569559335708618,-1.0581055879592896,-0.8861225247383118,-1.2266396284103394,1.8854269001167268e-05,0.00011140274727949873,-0.00013025672524236143
dadgp,406,-1.1799542903900146,-1.023526668548584,-1.0274277925491333,-0.833770751953125,-1.2093814611434937,-8.483208148390986e-06,-2.169084473280236e-05,3.0174047424225137e-05
dadgp,407,-1.2140460014343262,-1.0719935894012451,-1.069189429283142,-0.922633171081543,-1.2241581678390503,1.2875074389739893e-05,-0.00010974837641697377,9.687305282568559e-05
dadgp,408,-1.1628781855106354,-1.0689895153045654,-1.069183349609375,-0.9109014868736267,-1.2268832921981812,-4.980797257303493e-06,1.1625070328591391e-05,-6.64436629449483e-06
dadgp,409,-1.2452189326286316,-1.0578680038452148,-1.0637844800949097,-0.8922438025474548,-1.2175755500793457,4.69496762889321e-06,1.336527020612266e-06,-6.031649263604777e-06
dadgp,410,-1.301086813211441,-1.040840983390808,-1.048148274421692,-0.8676003813743591,-1.206774353981018,1.7517538708489155e-06,6.795880835852586e-06,-8.547787729185075e-06
dadgp,411,-1.2088621258735657,-1.0594267845153809,-1.0613702535629272,-0.8896770477294922,-1.2272330522537231,1.3029906540396041e-06,-1.3842080988979433e-05,1.2539166164060589e-05
dadgp,412,-1.328953593969345,-1.0695672035217285,-1.0692659616470337,-0.9069282412528992,-1.2325071096420288,-1.3476550520863384e-05,-0.00010630578617565334,0.00011978215479757637
dadgp,413,-1.1886790096759796,-1.0425488948822021,-1.044334053993225,-0.8646032214164734,-1.2187092304229736,9.407704055774957e-06,-1.3283180351209012e-06,-8.079326107690576e-06
dadgp,414,-1.2297946214675903,-1.0497777462005615,-1.0576893091201782,-0.8620464205741882,-1.2295974493026733,-4.152957262704149e-05,-3.0005297958268784e-05,7.153487240429968e-05
dadgp,415,-1.2004086673259735,-1.0426969528198242,-1.0445759296417236,-0.8665570616722107,-1.216957926750183,-2.2029042156646028e-05,0.00011962128337472677,-9.759196836967021e-05
dadgp,416,-1.2681770622730255,-1.0751605033874512,-1.0761436223983765,-0.914344310760498,-1.2349932193756104,-2.2086069293436594e-05,0.00010916167957475409,-8.707531378604472e-05
dadgp,417,-1.278608798980713,-1.0701435804367065,-1.0715124607086182,-0.9088840484619141,-1.2300342321395874,5.042132215749007e-06,0.00010546582052484155,-0.00011050796456402168
dadgp,418,-1.2012055814266205,-1.0850346088409424,-1.0883413553237915,-0.9313168525695801,-1.2354453802108765,2.7948732167715207e-05,5.2803847211180255e-05,-8.075289952103049e-05
dadgp,419,-1.2187879979610443,-1.0774059295654297,-1.0798673629760742,-0.9151260256767273,-1.2372244596481323,-2.0725667127408087e-05,-1.869314473879058e-05,3.9419370295945555e-05
dadgp,420,-1.2170780003070831,-1.0733904838562012,-1.0776304006576538,-0.9041001200675964,-1.238440990447998,9.573505849402864e-06,-0.0001093237369786948,9.975001739803702e-05
dadgp,421,-1.2778671979904175,-1.073171615600586,-1.0759848356246948,-0.9031276106834412,-1.240402102470398,-8.563949086237699e-05,9.105219942284748e-05,-5.41172266821377e-06
dadgp,422,-1.1960061490535736,-1.079262375831604,-1.0855951309204102,-0.91512531042099,-1.237066626548767,3.636695737441187e-06,-4.503323452809127e-06,8.666818871461146e-07
dadgp,423,-1.233400970697403,-1.0643866062164307,-1.0630172491073608,-0.906974732875824,-1.2231677770614624,-1.540956145618111e-05,6.527227469632635e-06,8.882648216967937e-06
dadgp,424,-1.20510596036911,-1.0714335441589355,-1.0715190172195435,-0.9019151926040649,-1.2408665418624878,-3.2663869205862284e-05,-6.2254043768916745e-06,3.888869105139747e-05
dadgp,425,-1.255845546722412,-1.0690457820892334,-1.0720239877700806,-0.9054560661315918,-1.2296570539474487,4.3088326492579654e-05,4.862596597376978e-06,-4.7950314183253795e-05
dadgp,426,-1.2891796827316284,-1.0905364751815796,-1.0877732038497925,-0.9402256011962891,-1.2436105012893677,-4.385404281492811e-06,5.539073026739061e-05,-5.1005252316826954e-05
dadgp,427,-1.2220613360404968,-1.0825499296188354,-1.083033561706543,-0.9220755696296692,-1.2425403594970703,-9.029961802298203e-05,1.7974263755604625e-05,7.232533971546218e-05
dadgp,428,-1.2229160070419312,-1.0870040655136108,-1.0879825353622437,-0.9331974387168884,-1.2398321628570557,-1.0992318493663333e-05,-1.2869760212197434e-05,2.386197775194887e-05
dadgp,429,-1.4305839836597443,-1.0577409267425537,-1.0611549615859985,-0.8800361752510071,-1.2320317029953003,1.4953664049244253e-06,-4.7417995574505767e-07,-1.0210350183115224e-06
dadgp,430,-1.159052163362503,-1.076874852180481,-1.0788391828536987,-0.9140506982803345,-1.2377346754074097,2.104487066389993e-05,7.645362529729027e-06,-2.8690508770523593e-05
dadgp,431,-1.1752107292413712,-1.0773873329162598,-1.0800702571868896,-0.9168716669082642,-1.235220193862915,5.8902376622427255e-05,-4.0701466787140816e-05,-1.820041325117927e-05
dadgp,432,-1.2756768465042114,-1.0766522884368896,-1.0822066068649292,-0.9025179147720337,-1.2452324628829956,-4.394274583319202e-05,0.00010521024523768574,-6.1267644923646e-05
dadgp,433,-1.1909895241260529,-1.0465381145477295,-1.0556343793869019,-0.8507311940193176,-1.2332485914230347,4.08295527449809e-05,-1.8403311514703091e-06,-3.898901923093945e-05
dadgp,434,-1.3886705338954926,-1.0685542821884155,-1.0756720304489136,-0.8910107016563416,-1.2389801740646362,-2.8736706099152798e-06,-8.963046275312081e-05,9.25039203139022e-05
dadgp,435,-1.2828938663005829,-1.0867388248443604,-1.08636474609375,-0.9252756237983704,-1.248576283454895,1.7973390640690923e-05,-2.8655233109020628e-05,1.0682222637115046e-05
dadgp,436,-1.2111014425754547,-1.0932193994522095,-1.0930049419403076,-0.9353399276733398,-1.251313328742981,2.3026015696814284e-05,-2.573569872765802e-05,2.7092833079223055e-06
dadgp,437,-1.268269568681717,-1.0669541358947754,-1.0682228803634644,-0.8944889307022095,-1.2381504774093628,-8.075779624050483e-05,9.443788439966738e-05,-1.368013363389764e-05
dadgp,438,-1.2630966305732727,-1.07668137550354,-1.0833101272583008,-0.8993919491767883,-1.2473421096801758,3.725916758412495e-05,3.749201277969405e-05,-7.47509257053025e-05
dadgp,439,-1.304312139749527,-1.0872156620025635,-1.0861321687698364,-0.9249650835990906,-1.250549554824829,-6.774694156774785e-06,-8.305006485898048e-05,8.982483996078372e-05
dadgp,440,-1.2402384877204895,-1.0985393524169922,-1.0992350578308105,-0.9420945048332214,-1.2542883157730103,-2.97290098387748e-05,1.826996958698146e-05,1.1459305824246258e-05
dadgp,441,-1.204481303691864,-1.0875399112701416,-1.0909703969955444,-0.9235903024673462,-1.248058795928955,-2.796221087919548e-05,1.0054149015559233e-06,2.6956506189890206e-05
dadgp,442,-1.2691152393817902,-1.0689365863800049,-1.0767768621444702,-0.8927553296089172,-1.237277626991272,1.2538665941974614e-05,1.8758573787636124e-05,-3.129697506665252e-05
dadgp,443,-1.297565996646881,-1.0743217468261719,-1.073790431022644,-0.9023928046226501,-1.2467817068099976,-1.0294403182342649e-05,-9.417982255399693e-06,1.9712571884156205e-05
dadgp,444,-1.215951681137085,-1.0580663681030273,-1.0644313097000122,-0.8719356656074524,-1.237831950187683,9.436338586965576e-05,-5.7661181926960126e-05,-3.67021348210983e-05
dadgp,445,-1.2560265958309174,-1.0937942266464233,-1.095939040184021,-0.935369610786438,-1.250073790550232,-6.57780083201942e-06,-2.086552512992057e-06,8.664588676765561e-06
dadgp,446,-1.2429252862930298,-1.091553807258606,-1.0886659622192383,-0.9374309778213501,-1.2485642433166504,2.4975446649477817e-05,-1.8016687590716174e-06,-2.3174266971182078e-05
dadgp,447,-1.2395517230033875,-1.0963146686553955,-1.0980952978134155,-0.9356600046157837,-1.2551885843276978,-3.6486108001554385e-06,-7.262643521244172e-06,1.0910727723967284e-05
dadgp,448,-1.181283950805664,-1.0793788433074951,-1.0809539556503296,-0.9176716208457947,-1.2395107746124268,3.420167195145041e-05,6.347034400278062e-07,-3.4836044505937025e-05
dadgp,449,-1.2593222856521606,-1.0890090465545654,-1.0903379917144775,-0.9237905740737915,-1.2528985738754272,1.2696165867964737e-05,-9.055828741111327e-06,-3.6398469092091545e-06
dadgp,450,-1.276093751192093,-1.0744502544403076,-1.076703429222107,-0.8937553763389587,-1.2528917789459229,5.239269739831798e-06,1.7223190297954716e-05,-2.2463522327598184e-05
dadgp,451,-1.2884535193443298,-1.0799684524536133,-1.0813812017440796,-0.9119329452514648,-1.2465912103652954,-1.199415055452846e-05,-3.6534815990307834e-06,1.564712692925241e-05
dadgp,452,-1.2432152926921844,-1.0976555347442627,-1.1023069620132446,-0.9437843561172485,-1.2468751668930054,-2.44855897335583e-07,-7.59024333092384e-05,7.614737114636227e-05
dadgp,453,-1.2334661483764648,-1.0890331268310547,-1.0911657810211182,-0.9239948391914368,-1.2519384622573853,1.73368607647717e-05,4.473435546969995e-05,-6.207158730830997e-05
dadgp,454,-1.2755949795246124,-1.0834083557128906,-1.087052345275879,-0.9089151620864868,-1.254257321357727,1.2071763194398955e-05,6.773950735805556e-05,-7.981099042808637e-05
dadgp,455,-1.2244139909744263,-1.0864523649215698,-1.0864098072052002,-0.9161792993545532,-1.2567678689956665,-2.6552663257461973e-05,-7.731285222689621e-06,3.428393029025756e-05
dadgp,456,-1.305876612663269,-1.0815199613571167,-1.088253378868103,-0.9031397700309753,-1.2531665563583374,1.807187800295651e-06,-1.6636295185890049e-06,-1.4379860147073487e-07
dadgp,457,-1.1972302943468094,-1.0799427032470703,-1.0833953619003296,-0.9037111401557922,-1.2527214288711548,1.0600851055642124e-05,-8.022245310712606e-06,-2.5786032438190887e-06
dadgp,458,-1.2539587914943695,-1.086507797241211,-1.0891422033309937,-0.9177657961845398,-1.2526153326034546,-2.24678915401455e-05,-1.1240610547247343e-05,3.37080673489254e-05
dadgp,459,-1.190066635608673,-1.10995352268219,-1.1113590002059937,-0.954084575176239,-1.2644168138504028,-3.5009205021196976e-05,-4.19238131144084e-06,3.92020410799887e-05
dadgp,460,-1.261244773864746,-1.0824745893478394,-1.0852950811386108,-0.9093063473701477,-1.2528221607208252,8.565380085201468e-06,8.271251317637507e-06,-1.6836775103001855e-05
dadgp,461,-1.2548645436763763,-1.0890079736709595,-1.091796875,-0.914779007434845,-1.2604478597640991,-1.147927741840249e-05,2.9027764867350925e-06,8.57694340083981e-06
dadgp,462,-1.140547439455986,-1.0840015411376953,-1.090431571006775,-0.9053899049758911,-1.2561829090118408,-6.401223799912259e-06,-2.4872174435586203e-06,8.888232514436822e-06
dadgp,463,-1.293271243572235,-1.078071117401123,-1.080490231513977,-0.9028207063674927,-1.2509024143218994,-1.0937756997009274e-05,6.965019565541297e-05,-5.871225584996864e-05
dadgp,464,-1.2203966081142426,-1.101617693901062,-1.1003215312957764,-0.9485170245170593,-1.2560144662857056,2.4066186597337946e-05,1.0923596164502669e-05,-3.499017475405708e-05
dadgp,465,-1.2547393441200256,-1.0867048501968384,-1.089333176612854,-0.9119440317153931,-1.258837103843689,5.13949953528936e-06,1.7807346011977643e-05,-2.29471261263825e-05
dadgp,466,-1.2620838284492493,-1.0989303588867188,-1.1003557443618774,-0.9284085631370544,-1.26802659034729,2.9680235456908122e-05,-2.443005371333129e-07,-2.9435133910737932e-05
dadgp,467,-1.1822483092546463,-1.1019675731658936,-1.106555461883545,-0.934527575969696,-1.264819622039795,2.428568586765323e-05,-1.3531139302358497e-05,-1.0754893082776107e-05
dadgp,468,-1.3033801317214966,-1.0852566957473755,-1.0853703022003174,-0.9142667651176453,-1.2561328411102295,1.7098859643738251e-06,-2.7651925847749226e-05,2.5942023057723418e-05
dadgp,469,-1.3869940042495728,-1.101703405380249,-1.1033656597137451,-0.9435651898384094,-1.2581795454025269,7.80857681093039e-06,5.62697350687813e-05,-6.407846376532689e-05
dadgp,470,-1.3178394436836243,-1.097169280052185,-1.0979387760162354,-0.9410858154296875,-1.2524831295013428,-1.771650931914337e-05,-4.769037332152948e-05,6.540703179780394e-05
dadgp,471,-1.1913067698478699,-1.0910687446594238,-1.091509222984314,-0.9287870526313782,-1.2529098987579346,3.1640536235499894e-06,5.309876996761886e-06,-8.474374226352666e-06
dadgp,472,-1.3159765005111694,-1.0947990417480469,-1.096621036529541,-0.9363554120063782,-1.2514207363128662,-1.5797006199136376e-05,3.698728323797695e-05,-2.1189671315369196e-05
dadgp,473,-1.3072104454040527,-1.102245569229126,-1.1061766147613525,-0.9374640583992004,-1.2630962133407593,5.595014499704121e-06,-9.18492969503859e-06,3.589882453525206e-06
dadgp,474,-1.325550615787506,-1.0938574075698853,-1.100459098815918,-0.9235908389091492,-1.2575221061706543,2.9613142032758333e-05,-6.949695671210065e-05,3.9883416320662946e-05
dadgp,475,-1.2084976434707642,-1.0920524597167969,-1.0949344635009766,-0.9213021397590637,-1.2599209547042847,1.468148548156023e-05,2.8732010832754895e-05,-4.3413321691332385e-05
dadgp,476,-1.451472908258438,-1.1074390411376953,-1.1132177114486694,-0.9404876828193665,-1.2686113119125366,-2.7611081350187305e-06,6.106410000938922e-05,-5.830282680108212e-05
dadgp,477,-1.2566146552562714,-1.113306999206543,-1.1145875453948975,-0.9586443305015564,-1.2666887044906616,-1.1068050298490562e-06,-1.4388154340849724e-05,1.549539592815563e-05
dadgp,478,-1.2184774577617645,-1.085766315460205,-1.0897735357284546,-0.9116854667663574,-1.2558397054672241,1.0634881618898362e-05,-3.2007749268814223e-06,-7.4339372986287344e-06
dadgp,479,-1.3234108984470367,-1.1012884378433228,-1.1038262844085693,-0.936284065246582,-1.2637548446655273,-1.162018634204287e-05,-4.192639607936144e-05,5.354697714210488e-05
dadgp,480,-1.3172496855258942,-1.0930609703063965,-1.0966938734054565,-0.9206737875938416,-1.2618153095245361,-1.0477600881131366e-05,-5.559344344874262e-07,1.1033595910703298e-05
dadgp,481,-1.2639629244804382,-1.0980041027069092,-1.1037062406539917,-0.9230682253837585,-1.267237901687622,9.03427917364752e-06,7.310462478926638e-06,-1.6344562027370557e-05
dadgp,482,-1.2682442665100098,-1.1068949699401855,-1.1052204370498657,-0.9502367377281189,-1.2652276754379272,-1.6505015082657337e-05,2.3424163373420015e-05,-6.9191341935948e-06
dadgp,483,-1.4022493958473206,-1.088099479675293,-1.0936826467514038,-0.9098005294799805,-1.260815143585205,-4.425843872013502e-05,6.250781007111073e-05,-1.8249320419272408e-05
dadgp,484,-1.2285925149917603,-1.090261697769165,-1.0908442735671997,-0.9159504771232605,-1.2639902830123901,2.1427483716252027e-06,-1.1531133168318775e-05,9.388282705913298e-06
dadgp,485,-1.215315580368042,-1.0874227285385132,-1.0861374139785767,-0.9095606207847595,-1.266569972038269,2.865885653591249e-05,-6.280639354372397e-06,-2.237818443973083e-05
dadgp,486,-1.216968983411789,-1.0919325351715088,-1.095253348350525,-0.9112874865531921,-1.269256591796875,-2.513259278202895e-05,-1.1052158697566483e-05,3.618478149292059e-05
dadgp,487,-1.3226560950279236,-1.0982156991958618,-1.0939183235168457,-0.9362921118736267,-1.2644366025924683,-2.9738896500930423e-06,5.2924082410754636e-05,-4.9950442189583555e-05
dadgp,488,-1.3007742762565613,-1.0849943161010742,-1.0901283025741577,-0.9009937644004822,-1.2638605833053589,1.834821523516439e-05,-1.4234086847864091e-05,-4.1141770452668425e-06
dadgp,489,-1.2743645012378693,-1.0966193675994873,-1.0960320234298706,-0.928257405757904,-1.2655686140060425,-3.70645138900727e-05,9.295295967604034e-06,2.7769045118475333e-05
dadgp,490,-1.2874002754688263,-1.128714680671692,-1.1301392316818237,-0.9802570343017578,-1.275747537612915,-5.399816927820211e-06,-1.926947334141005e-05,2.4669703634572215e-05
dadgp,491,-1.3777362704277039,-1.1006749868392944,-1.0994998216629028,-0.9394388198852539,-1.2630860805511475,6.754579317203024e-06,4.766107304021716e-05,-5.441555185825564e-05
dadgp,492,-1.3911614120006561,-1.0986019372940063,-1.0971155166625977,-0.9279319643974304,-1.2707582712173462,-2.98072409350425e-05,9.935497473634314e-06,1.9872173652402125e-05
dadgp,493,-1.207487791776657,-1.093005895614624,-1.0908113718032837,-0.9369673728942871,-1.2512387037277222,9.23150400922168e-06,-4.92958406539401e-06,-4.3018139876949135e-06
dadgp,494,-1.2737656831741333,-1.0937669277191162,-1.094488501548767,-0.9133471846580505,-1.2734646797180176,-2.582560682640178e-06,-4.8505240556551144e-05,5.1087587053189054e-05
dadgp,495,-1.2268251180648804,-1.1193511486053467,-1.1174222230911255,-0.970850944519043,-1.269780158996582,-9.037426934810355e-06,-1.0644148460414726e-05,1.968170363397803e-05
dadgp,496,-1.2486017644405365,-1.1153314113616943,-1.1143296957015991,-0.95820152759552,-1.2734630107879639,-3.427078354434343e-06,-4.4660723688139115e-06,7.89313799032243e-06
dadgp,497,-1.220132738351822,-1.1131231784820557,-1.1118422746658325,-0.9475471377372742,-1.2799798250198364,-4.124609404243529e-06,-1.5490282976315939e-06,5.673695341101848e-06
dadgp,498,-1.275142878293991,-1.108605980873108,-1.1117113828659058,-0.933923065662384,-1.28018319606781,-1.4787935469939839e-05,-2.5032393750734627e-05,3.9820653910283e-05
dadgp,499,-1.3455172181129456,-1.1075730323791504,-1.1130493879318237,-0.9411269426345825,-1.2685428857803345,-6.422095793823246e-06,-1.5385863662231714e-05,2.180756018788088e-05
dadgp,500,-1.2532099485397339,-1.1169703006744385,-1.1167652606964111,-0.9545704126358032,-1.279574990272522,2.600088464532746e-06,-4.693405207945034e-05,4.4334083213470876e-05
